index, phase, min_index, max_index, parameter_scale, min_arith, max_arith, value_arith, min_param, max_param, value_param, name, type, category, process, label
1, 1, 1, 1, ARITHMETIC, 0, 10, 5.77676042291, 0, 10, 5.77676042291, pLnR[1], "param_init_bounded_number","population processes","recruitment","historical_recruitment_period"
1, 1, 1, 1, ARITHMETIC, 0, 10, 5.61658303952, 0, 10, 5.61658303952, pLnR[2], "param_init_bounded_number","population processes","recruitment","current_recruitment_period"
1, 5, 1, 1, LOG, 2.718281828, 54.59815003, 9.33733630138, 0.999999999831, 3.99999999994, 2.23402101899, pRa[1], "param_init_bounded_number","population processes","recruitment","fixed_value"
1, 5, 1, 1, LOG, 1, 54.59815003, 3.8647748116, 0, 3.99999999994, 1.35190341685, pRb[1], "param_init_bounded_number","population processes","recruitment","fixed_value"
1, 1, 1, 26, ARITHMETIC, -5, 5, -0.989165034057, -5, 5, -0.989165034057, pDevsLnR, "param_init_bounded_dev_vector","population processes","recruitment","historical_recruitment_period"
2, 1, 1, 26, ARITHMETIC, -5, 5, 1.04656496661, -5, 5, 1.04656496661, pDevsLnR, "param_init_bounded_dev_vector","population processes","recruitment","historical_recruitment_period"
3, 1, 1, 26, ARITHMETIC, -5, 5, 0.864414065641, -5, 5, 0.864414065641, pDevsLnR, "param_init_bounded_dev_vector","population processes","recruitment","historical_recruitment_period"
4, 1, 1, 26, ARITHMETIC, -5, 5, -1.56399332156, -5, 5, -1.56399332156, pDevsLnR, "param_init_bounded_dev_vector","population processes","recruitment","historical_recruitment_period"
5, 1, 1, 26, ARITHMETIC, -5, 5, -0.93208872612, -5, 5, -0.93208872612, pDevsLnR, "param_init_bounded_dev_vector","population processes","recruitment","historical_recruitment_period"
6, 1, 1, 26, ARITHMETIC, -5, 5, -1.64084882376, -5, 5, -1.64084882376, pDevsLnR, "param_init_bounded_dev_vector","population processes","recruitment","historical_recruitment_period"
7, 1, 1, 26, ARITHMETIC, -5, 5, 0.863096990522, -5, 5, 0.863096990522, pDevsLnR, "param_init_bounded_dev_vector","population processes","recruitment","historical_recruitment_period"
8, 1, 1, 26, ARITHMETIC, -5, 5, -1.77807470667, -5, 5, -1.77807470667, pDevsLnR, "param_init_bounded_dev_vector","population processes","recruitment","historical_recruitment_period"
9, 1, 1, 26, ARITHMETIC, -5, 5, 0.991573221714, -5, 5, 0.991573221714, pDevsLnR, "param_init_bounded_dev_vector","population processes","recruitment","historical_recruitment_period"
10, 1, 1, 26, ARITHMETIC, -5, 5, -0.594042306003, -5, 5, -0.594042306003, pDevsLnR, "param_init_bounded_dev_vector","population processes","recruitment","historical_recruitment_period"
11, 1, 1, 26, ARITHMETIC, -5, 5, 0.867585211335, -5, 5, 0.867585211335, pDevsLnR, "param_init_bounded_dev_vector","population processes","recruitment","historical_recruitment_period"
12, 1, 1, 26, ARITHMETIC, -5, 5, 0.70788332449, -5, 5, 0.70788332449, pDevsLnR, "param_init_bounded_dev_vector","population processes","recruitment","historical_recruitment_period"
13, 1, 1, 26, ARITHMETIC, -5, 5, 0.55148377838, -5, 5, 0.55148377838, pDevsLnR, "param_init_bounded_dev_vector","population processes","recruitment","historical_recruitment_period"
14, 1, 1, 26, ARITHMETIC, -5, 5, -0.0833738923879, -5, 5, -0.0833738923879, pDevsLnR, "param_init_bounded_dev_vector","population processes","recruitment","historical_recruitment_period"
15, 1, 1, 26, ARITHMETIC, -5, 5, -1.08531667681, -5, 5, -1.08531667681, pDevsLnR, "param_init_bounded_dev_vector","population processes","recruitment","historical_recruitment_period"
16, 1, 1, 26, ARITHMETIC, -5, 5, 0.652357209852, -5, 5, 0.652357209852, pDevsLnR, "param_init_bounded_dev_vector","population processes","recruitment","historical_recruitment_period"
17, 1, 1, 26, ARITHMETIC, -5, 5, 1.30513351259, -5, 5, 1.30513351259, pDevsLnR, "param_init_bounded_dev_vector","population processes","recruitment","historical_recruitment_period"
18, 1, 1, 26, ARITHMETIC, -5, 5, 0.463072190837, -5, 5, 0.463072190837, pDevsLnR, "param_init_bounded_dev_vector","population processes","recruitment","historical_recruitment_period"
19, 1, 1, 26, ARITHMETIC, -5, 5, 2.2021561476, -5, 5, 2.2021561476, pDevsLnR, "param_init_bounded_dev_vector","population processes","recruitment","historical_recruitment_period"
20, 1, 1, 26, ARITHMETIC, -5, 5, 0.78071166466, -5, 5, 0.78071166466, pDevsLnR, "param_init_bounded_dev_vector","population processes","recruitment","historical_recruitment_period"
21, 1, 1, 26, ARITHMETIC, -5, 5, 0.729143156062, -5, 5, 0.729143156062, pDevsLnR, "param_init_bounded_dev_vector","population processes","recruitment","historical_recruitment_period"
22, 1, 1, 26, ARITHMETIC, -5, 5, -0.265835783531, -5, 5, -0.265835783531, pDevsLnR, "param_init_bounded_dev_vector","population processes","recruitment","historical_recruitment_period"
23, 1, 1, 26, ARITHMETIC, -5, 5, 0.8035266439, -5, 5, 0.8035266439, pDevsLnR, "param_init_bounded_dev_vector","population processes","recruitment","historical_recruitment_period"
24, 1, 1, 26, ARITHMETIC, -5, 5, -1.38433098841, -5, 5, -1.38433098841, pDevsLnR, "param_init_bounded_dev_vector","population processes","recruitment","historical_recruitment_period"
25, 1, 1, 26, ARITHMETIC, -5, 5, -1.67026917512, -5, 5, -1.67026917512, pDevsLnR, "param_init_bounded_dev_vector","population processes","recruitment","historical_recruitment_period"
26, 1, 1, 26, ARITHMETIC, -5, 5, -0.841362649776, -5, 5, -0.841362649776, pDevsLnR, "param_init_bounded_dev_vector","population processes","recruitment","historical_recruitment_period"
1, 1, 1, 50, ARITHMETIC, -5, 5, 0.9965587701, -5, 5, 0.9965587701, pDevsLnR, "param_init_bounded_dev_vector","population processes","recruitment","current_recruitment_period"
2, 1, 1, 50, ARITHMETIC, -5, 5, 3.70397010574, -5, 5, 3.70397010574, pDevsLnR, "param_init_bounded_dev_vector","population processes","recruitment","current_recruitment_period"
3, 1, 1, 50, ARITHMETIC, -5, 5, 0.50083448869, -5, 5, 0.50083448869, pDevsLnR, "param_init_bounded_dev_vector","population processes","recruitment","current_recruitment_period"
4, 1, 1, 50, ARITHMETIC, -5, 5, 1.76633341645, -5, 5, 1.76633341645, pDevsLnR, "param_init_bounded_dev_vector","population processes","recruitment","current_recruitment_period"
5, 1, 1, 50, ARITHMETIC, -5, 5, -0.501648816274, -5, 5, -0.501648816274, pDevsLnR, "param_init_bounded_dev_vector","population processes","recruitment","current_recruitment_period"
6, 1, 1, 50, ARITHMETIC, -5, 5, -0.744360029527, -5, 5, -0.744360029527, pDevsLnR, "param_init_bounded_dev_vector","population processes","recruitment","current_recruitment_period"
7, 1, 1, 50, ARITHMETIC, -5, 5, -0.894473846096, -5, 5, -0.894473846096, pDevsLnR, "param_init_bounded_dev_vector","population processes","recruitment","current_recruitment_period"
8, 1, 1, 50, ARITHMETIC, -5, 5, 1.03085131408, -5, 5, 1.03085131408, pDevsLnR, "param_init_bounded_dev_vector","population processes","recruitment","current_recruitment_period"
9, 1, 1, 50, ARITHMETIC, -5, 5, -0.155638071028, -5, 5, -0.155638071028, pDevsLnR, "param_init_bounded_dev_vector","population processes","recruitment","current_recruitment_period"
10, 1, 1, 50, ARITHMETIC, -5, 5, 1.77515891739, -5, 5, 1.77515891739, pDevsLnR, "param_init_bounded_dev_vector","population processes","recruitment","current_recruitment_period"
11, 1, 1, 50, ARITHMETIC, -5, 5, 0.927852983522, -5, 5, 0.927852983522, pDevsLnR, "param_init_bounded_dev_vector","population processes","recruitment","current_recruitment_period"
12, 1, 1, 50, ARITHMETIC, -5, 5, 1.44473139691, -5, 5, 1.44473139691, pDevsLnR, "param_init_bounded_dev_vector","population processes","recruitment","current_recruitment_period"
13, 1, 1, 50, ARITHMETIC, -5, 5, 0.195236940455, -5, 5, 0.195236940455, pDevsLnR, "param_init_bounded_dev_vector","population processes","recruitment","current_recruitment_period"
14, 1, 1, 50, ARITHMETIC, -5, 5, -0.751347311555, -5, 5, -0.751347311555, pDevsLnR, "param_init_bounded_dev_vector","population processes","recruitment","current_recruitment_period"
15, 1, 1, 50, ARITHMETIC, -5, 5, -1.43620438471, -5, 5, -1.43620438471, pDevsLnR, "param_init_bounded_dev_vector","population processes","recruitment","current_recruitment_period"
16, 1, 1, 50, ARITHMETIC, -5, 5, -0.896838456383, -5, 5, -0.896838456383, pDevsLnR, "param_init_bounded_dev_vector","population processes","recruitment","current_recruitment_period"
17, 1, 1, 50, ARITHMETIC, -5, 5, -0.496336675569, -5, 5, -0.496336675569, pDevsLnR, "param_init_bounded_dev_vector","population processes","recruitment","current_recruitment_period"
18, 1, 1, 50, ARITHMETIC, -5, 5, -0.193729449121, -5, 5, -0.193729449121, pDevsLnR, "param_init_bounded_dev_vector","population processes","recruitment","current_recruitment_period"
19, 1, 1, 50, ARITHMETIC, -5, 5, -2.39472405316, -5, 5, -2.39472405316, pDevsLnR, "param_init_bounded_dev_vector","population processes","recruitment","current_recruitment_period"
20, 1, 1, 50, ARITHMETIC, -5, 5, -0.785022099988, -5, 5, -0.785022099988, pDevsLnR, "param_init_bounded_dev_vector","population processes","recruitment","current_recruitment_period"
21, 1, 1, 50, ARITHMETIC, -5, 5, -0.541978913567, -5, 5, -0.541978913567, pDevsLnR, "param_init_bounded_dev_vector","population processes","recruitment","current_recruitment_period"
22, 1, 1, 50, ARITHMETIC, -5, 5, -0.91927289928, -5, 5, -0.91927289928, pDevsLnR, "param_init_bounded_dev_vector","population processes","recruitment","current_recruitment_period"
23, 1, 1, 50, ARITHMETIC, -5, 5, 0.341552203617, -5, 5, 0.341552203617, pDevsLnR, "param_init_bounded_dev_vector","population processes","recruitment","current_recruitment_period"
24, 1, 1, 50, ARITHMETIC, -5, 5, -0.108712314694, -5, 5, -0.108712314694, pDevsLnR, "param_init_bounded_dev_vector","population processes","recruitment","current_recruitment_period"
25, 1, 1, 50, ARITHMETIC, -5, 5, 0.782603090472, -5, 5, 0.782603090472, pDevsLnR, "param_init_bounded_dev_vector","population processes","recruitment","current_recruitment_period"
26, 1, 1, 50, ARITHMETIC, -5, 5, -1.36941278905, -5, 5, -1.36941278905, pDevsLnR, "param_init_bounded_dev_vector","population processes","recruitment","current_recruitment_period"
27, 1, 1, 50, ARITHMETIC, -5, 5, 2.40527429482, -5, 5, 2.40527429482, pDevsLnR, "param_init_bounded_dev_vector","population processes","recruitment","current_recruitment_period"
28, 1, 1, 50, ARITHMETIC, -5, 5, -1.02050613158, -5, 5, -1.02050613158, pDevsLnR, "param_init_bounded_dev_vector","population processes","recruitment","current_recruitment_period"
29, 1, 1, 50, ARITHMETIC, -5, 5, 0.945277766504, -5, 5, 0.945277766504, pDevsLnR, "param_init_bounded_dev_vector","population processes","recruitment","current_recruitment_period"
30, 1, 1, 50, ARITHMETIC, -5, 5, 1.51515871366, -5, 5, 1.51515871366, pDevsLnR, "param_init_bounded_dev_vector","population processes","recruitment","current_recruitment_period"
31, 1, 1, 50, ARITHMETIC, -5, 5, -0.880084090482, -5, 5, -0.880084090482, pDevsLnR, "param_init_bounded_dev_vector","population processes","recruitment","current_recruitment_period"
32, 1, 1, 50, ARITHMETIC, -5, 5, -0.737038074525, -5, 5, -0.737038074525, pDevsLnR, "param_init_bounded_dev_vector","population processes","recruitment","current_recruitment_period"
33, 1, 1, 50, ARITHMETIC, -5, 5, 0.565368614564, -5, 5, 0.565368614564, pDevsLnR, "param_init_bounded_dev_vector","population processes","recruitment","current_recruitment_period"
34, 1, 1, 50, ARITHMETIC, -5, 5, -0.940383811131, -5, 5, -0.940383811131, pDevsLnR, "param_init_bounded_dev_vector","population processes","recruitment","current_recruitment_period"
35, 1, 1, 50, ARITHMETIC, -5, 5, 0.740975328134, -5, 5, 0.740975328134, pDevsLnR, "param_init_bounded_dev_vector","population processes","recruitment","current_recruitment_period"
36, 1, 1, 50, ARITHMETIC, -5, 5, 0.656395380398, -5, 5, 0.656395380398, pDevsLnR, "param_init_bounded_dev_vector","population processes","recruitment","current_recruitment_period"
37, 1, 1, 50, ARITHMETIC, -5, 5, 0.724752407141, -5, 5, 0.724752407141, pDevsLnR, "param_init_bounded_dev_vector","population processes","recruitment","current_recruitment_period"
38, 1, 1, 50, ARITHMETIC, -5, 5, -1.77766551389, -5, 5, -1.77766551389, pDevsLnR, "param_init_bounded_dev_vector","population processes","recruitment","current_recruitment_period"
39, 1, 1, 50, ARITHMETIC, -5, 5, -0.360705975309, -5, 5, -0.360705975309, pDevsLnR, "param_init_bounded_dev_vector","population processes","recruitment","current_recruitment_period"
40, 1, 1, 50, ARITHMETIC, -5, 5, -2.38392596956, -5, 5, -2.38392596956, pDevsLnR, "param_init_bounded_dev_vector","population processes","recruitment","current_recruitment_period"
41, 1, 1, 50, ARITHMETIC, -5, 5, -0.137148558809, -5, 5, -0.137148558809, pDevsLnR, "param_init_bounded_dev_vector","population processes","recruitment","current_recruitment_period"
42, 1, 1, 50, ARITHMETIC, -5, 5, -1.99993706526, -5, 5, -1.99993706526, pDevsLnR, "param_init_bounded_dev_vector","population processes","recruitment","current_recruitment_period"
43, 1, 1, 50, ARITHMETIC, -5, 5, -0.0177379137003, -5, 5, -0.0177379137003, pDevsLnR, "param_init_bounded_dev_vector","population processes","recruitment","current_recruitment_period"
44, 1, 1, 50, ARITHMETIC, -5, 5, -0.696099491507, -5, 5, -0.696099491507, pDevsLnR, "param_init_bounded_dev_vector","population processes","recruitment","current_recruitment_period"
45, 1, 1, 50, ARITHMETIC, -5, 5, -0.898710621278, -5, 5, -0.898710621278, pDevsLnR, "param_init_bounded_dev_vector","population processes","recruitment","current_recruitment_period"
46, 1, 1, 50, ARITHMETIC, -5, 5, -2.01274031827, -5, 5, -2.01274031827, pDevsLnR, "param_init_bounded_dev_vector","population processes","recruitment","current_recruitment_period"
47, 1, 1, 50, ARITHMETIC, -5, 5, 0.758709801473, -5, 5, 0.758709801473, pDevsLnR, "param_init_bounded_dev_vector","population processes","recruitment","current_recruitment_period"
48, 1, 1, 50, ARITHMETIC, -5, 5, 3.08681089972, -5, 5, 3.08681089972, pDevsLnR, "param_init_bounded_dev_vector","population processes","recruitment","current_recruitment_period"
49, 1, 1, 50, ARITHMETIC, -5, 5, 0.274363756698, -5, 5, 0.274363756698, pDevsLnR, "param_init_bounded_dev_vector","population processes","recruitment","current_recruitment_period"
50, 1, 1, 50, ARITHMETIC, -5, 5, 0.913613054756, -5, 5, 0.913613054756, pDevsLnR, "param_init_bounded_dev_vector","population processes","recruitment","current_recruitment_period"
1, 4, 1, 1, ARITHMETIC, 0.2, 2, 0.865354952582, 0.2, 2, 0.865354952582, pDM1[1], "param_init_bounded_number","population processes","natural mortality","multiplier_for_immature_crab"
1, 4, 1, 1, ARITHMETIC, 0.1, 1.9, 1.5949310956, 0.1, 1.9, 1.5949310956, pDM1[2], "param_init_bounded_number","population processes","natural mortality","multiplier_for_mature_males"
1, 4, 1, 1, ARITHMETIC, 0.1, 1.9, 1.57334510371, 0.1, 1.9, 1.57334510371, pDM1[3], "param_init_bounded_number","population processes","natural mortality","multiplier_for_mature_females"
1, 4, 1, 1, ARITHMETIC, 0.1, 10, 3.46144641064, 0.1, 10, 3.46144641064, pDM2[1], "param_init_bounded_number","population processes","natural mortality","1980-1984_multiplier_for_mature_males"
1, 4, 1, 1, ARITHMETIC, 0.1, 10, 2.13716750505, 0.1, 10, 2.13716750505, pDM2[2], "param_init_bounded_number","population processes","natural mortality","1980-1984_multiplier_for_mature_females"
1, 4, 1, 1, ARITHMETIC, 25, 40, 33.4615022713, 25, 40, 33.4615022713, pGrA[1], "param_init_bounded_number","population processes","growth","males"
1, 4, 1, 1, ARITHMETIC, 25, 40, 34.193899524, 25, 40, 34.193899524, pGrA[2], "param_init_bounded_number","population processes","growth","females"
1, 4, 1, 1, ARITHMETIC, 130, 180, 160.415882503, 130, 180, 160.415882503, pGrB[1], "param_init_bounded_number","population processes","growth","males"
1, 4, 1, 1, ARITHMETIC, 110, 150, 121.218963045, 110, 150, 121.218963045, pGrB[2], "param_init_bounded_number","population processes","growth","females"
1, 5, 1, 1, ARITHMETIC, 0.5, 2, 0.81241613451, 0.5, 2, 0.81241613451, pGrBeta[1], "param_init_bounded_number","population processes","growth","both_sexes"
1, 4, 1, 17, ARITHMETIC, -15, 15, -2.988083779, -15, 15, -2.988083779, pvLgtPrM2M, "param_init_bounded_dev_vector","population processes","maturity","males_60-150_mmCW_(entire_model_period)"
2, 4, 1, 17, ARITHMETIC, -15, 15, -3.56136741782, -15, 15, -3.56136741782, pvLgtPrM2M, "param_init_bounded_dev_vector","population processes","maturity","males_60-150_mmCW_(entire_model_period)"
3, 4, 1, 17, ARITHMETIC, -15, 15, -3.01624566991, -15, 15, -3.01624566991, pvLgtPrM2M, "param_init_bounded_dev_vector","population processes","maturity","males_60-150_mmCW_(entire_model_period)"
4, 4, 1, 17, ARITHMETIC, -15, 15, -2.13872029086, -15, 15, -2.13872029086, pvLgtPrM2M, "param_init_bounded_dev_vector","population processes","maturity","males_60-150_mmCW_(entire_model_period)"
5, 4, 1, 17, ARITHMETIC, -15, 15, -1.34173631868, -15, 15, -1.34173631868, pvLgtPrM2M, "param_init_bounded_dev_vector","population processes","maturity","males_60-150_mmCW_(entire_model_period)"
6, 4, 1, 17, ARITHMETIC, -15, 15, -1.236327899, -15, 15, -1.236327899, pvLgtPrM2M, "param_init_bounded_dev_vector","population processes","maturity","males_60-150_mmCW_(entire_model_period)"
7, 4, 1, 17, ARITHMETIC, -15, 15, -0.756560289054, -15, 15, -0.756560289054, pvLgtPrM2M, "param_init_bounded_dev_vector","population processes","maturity","males_60-150_mmCW_(entire_model_period)"
8, 4, 1, 17, ARITHMETIC, -15, 15, -0.235746134373, -15, 15, -0.235746134373, pvLgtPrM2M, "param_init_bounded_dev_vector","population processes","maturity","males_60-150_mmCW_(entire_model_period)"
9, 4, 1, 17, ARITHMETIC, -15, 15, -0.208035857816, -15, 15, -0.208035857816, pvLgtPrM2M, "param_init_bounded_dev_vector","population processes","maturity","males_60-150_mmCW_(entire_model_period)"
10, 4, 1, 17, ARITHMETIC, -15, 15, 0.141337074818, -15, 15, 0.141337074818, pvLgtPrM2M, "param_init_bounded_dev_vector","population processes","maturity","males_60-150_mmCW_(entire_model_period)"
11, 4, 1, 17, ARITHMETIC, -15, 15, 0.543886500686, -15, 15, 0.543886500686, pvLgtPrM2M, "param_init_bounded_dev_vector","population processes","maturity","males_60-150_mmCW_(entire_model_period)"
12, 4, 1, 17, ARITHMETIC, -15, 15, 1.02025730635, -15, 15, 1.02025730635, pvLgtPrM2M, "param_init_bounded_dev_vector","population processes","maturity","males_60-150_mmCW_(entire_model_period)"
13, 4, 1, 17, ARITHMETIC, -15, 15, 1.62010202762, -15, 15, 1.62010202762, pvLgtPrM2M, "param_init_bounded_dev_vector","population processes","maturity","males_60-150_mmCW_(entire_model_period)"
14, 4, 1, 17, ARITHMETIC, -15, 15, 2.63980710491, -15, 15, 2.63980710491, pvLgtPrM2M, "param_init_bounded_dev_vector","population processes","maturity","males_60-150_mmCW_(entire_model_period)"
15, 4, 1, 17, ARITHMETIC, -15, 15, 3.12864002897, -15, 15, 3.12864002897, pvLgtPrM2M, "param_init_bounded_dev_vector","population processes","maturity","males_60-150_mmCW_(entire_model_period)"
16, 4, 1, 17, ARITHMETIC, -15, 15, 3.7151605262, -15, 15, 3.7151605262, pvLgtPrM2M, "param_init_bounded_dev_vector","population processes","maturity","males_60-150_mmCW_(entire_model_period)"
17, 4, 1, 17, ARITHMETIC, -15, 15, 4.78628193452, -15, 15, 4.78628193452, pvLgtPrM2M, "param_init_bounded_dev_vector","population processes","maturity","males_60-150_mmCW_(entire_model_period)"
1, 4, 1, 11, ARITHMETIC, -15, 15, -5.42471249141, -15, 15, -5.42471249141, pvLgtPrM2M, "param_init_bounded_dev_vector","population processes","maturity","females_50-105_mmCW_(entire_model_period)"
2, 4, 1, 11, ARITHMETIC, -15, 15, -4.15907331156, -15, 15, -4.15907331156, pvLgtPrM2M, "param_init_bounded_dev_vector","population processes","maturity","females_50-105_mmCW_(entire_model_period)"
3, 4, 1, 11, ARITHMETIC, -15, 15, -2.93088206266, -15, 15, -2.93088206266, pvLgtPrM2M, "param_init_bounded_dev_vector","population processes","maturity","females_50-105_mmCW_(entire_model_period)"
4, 4, 1, 11, ARITHMETIC, -15, 15, -1.71102069731, -15, 15, -1.71102069731, pvLgtPrM2M, "param_init_bounded_dev_vector","population processes","maturity","females_50-105_mmCW_(entire_model_period)"
5, 4, 1, 11, ARITHMETIC, -15, 15, -0.584029350388, -15, 15, -0.584029350388, pvLgtPrM2M, "param_init_bounded_dev_vector","population processes","maturity","females_50-105_mmCW_(entire_model_period)"
6, 4, 1, 11, ARITHMETIC, -15, 15, 0.254388399651, -15, 15, 0.254388399651, pvLgtPrM2M, "param_init_bounded_dev_vector","population processes","maturity","females_50-105_mmCW_(entire_model_period)"
7, 4, 1, 11, ARITHMETIC, -15, 15, 0.572425138759, -15, 15, 0.572425138759, pvLgtPrM2M, "param_init_bounded_dev_vector","population processes","maturity","females_50-105_mmCW_(entire_model_period)"
8, 4, 1, 11, ARITHMETIC, -15, 15, 1.06318076679, -15, 15, 1.06318076679, pvLgtPrM2M, "param_init_bounded_dev_vector","population processes","maturity","females_50-105_mmCW_(entire_model_period)"
9, 4, 1, 11, ARITHMETIC, -15, 15, 1.94922465225, -15, 15, 1.94922465225, pvLgtPrM2M, "param_init_bounded_dev_vector","population processes","maturity","females_50-105_mmCW_(entire_model_period)"
10, 4, 1, 11, ARITHMETIC, -15, 15, 2.90393321821, -15, 15, 2.90393321821, pvLgtPrM2M, "param_init_bounded_dev_vector","population processes","maturity","females_50-105_mmCW_(entire_model_period)"
11, 4, 1, 11, ARITHMETIC, -15, 15, 3.92242200002, -15, 15, 3.92242200002, pvLgtPrM2M, "param_init_bounded_dev_vector","population processes","maturity","females_50-105_mmCW_(entire_model_period)"
1, 1, 1, 1, ARITHMETIC, 85, 160, 145.96844978, 85, 160, 145.96844978, pS1[5], "param_init_bounded_number","selectivity","selectivity","z50_for_TCF_retention_(pre-1991)"
1, 1, 1, 1, ARITHMETIC, 85, 160, 134.338995547, 85, 160, 134.338995547, pS1[6], "param_init_bounded_number","selectivity","selectivity","z50_for_TCF_retention_(1991-1996)"
1, 1, 1, 1, ARITHMETIC, 4, 5, 4.8826859007, 4, 5, 4.8826859007, pS1[8], "param_init_bounded_number","selectivity","selectivity","ln(z50)_for_TCF_selectivity_(males)"
1, 1, 1, 1, ARITHMETIC, 80, 150, 89.847046426, 80, 150, 89.847046426, pS1[9], "param_init_bounded_number","selectivity","selectivity","z50_for_TCF_selectivity_(females)"
1, 2, 1, 1, ARITHMETIC, 80, 180, 159.155041809, 80, 180, 159.155041809, pS1[10], "param_init_bounded_number","selectivity","selectivity","ascending_z-at-1_for_SCF_selectivity_(males,_pre-1997)"
1, 2, 1, 1, ARITHMETIC, 80, 180, 120.605057461, 80, 180, 120.605057461, pS1[11], "param_init_bounded_number","selectivity","selectivity","ascending_z-at-1_for_SCF_selectivity_(males,_1997-2004)"
1, 2, 1, 1, ARITHMETIC, 80, 180, 135.506761006, 80, 180, 135.506761006, pS1[12], "param_init_bounded_number","selectivity","selectivity","ascending_z-at-1_for_SCF_selectivity_(males,_2005+)"
1, 2, 1, 1, ARITHMETIC, 50, 150, 68.9627711577, 50, 150, 68.9627711577, pS1[13], "param_init_bounded_number","selectivity","selectivity","ascending_z50_for_SCF_selectivity_(females,_pre-1997)"
1, 2, 1, 1, ARITHMETIC, 50, 120, 77.7045188385, 50, 120, 77.7045188385, pS1[14], "param_init_bounded_number","selectivity","selectivity","ascending_z50_for_SCF_selectivity_(females,_1997-2004)"
1, 2, 1, 1, ARITHMETIC, 50, 120, 96.7618232778, 50, 120, 96.7618232778, pS1[15], "param_init_bounded_number","selectivity","selectivity","ascending_z50_for_SCF_selectivity_(females,_2005+)"
1, 2, 1, 1, ARITHMETIC, 40, 180, 67.0548935212, 40, 180, 67.0548935212, pS1[16], "param_init_bounded_number","selectivity","selectivity","z50_for_GF.AllGear_selectivity_(males,_pre-1987)"
1, 2, 1, 1, ARITHMETIC, 40, 180, 56.4206039084, 40, 180, 56.4206039084, pS1[17], "param_init_bounded_number","selectivity","selectivity","z50_for_GF.AllGear_selectivity_(males,_1987-1996)"
1, 2, 1, 1, ARITHMETIC, 40, 180, 93.2874778961, 40, 180, 93.2874778961, pS1[18], "param_init_bounded_number","selectivity","selectivity","z50_for_GF.AllGear_selectivity_(males,_1997+)"
1, 2, 1, 1, ARITHMETIC, 25, 180, 63.072684457, 25, 180, 63.072684457, pS1[19], "param_init_bounded_number","selectivity","selectivity","z50_for_GF.AllGear_selectivity_(females,_pre-1987)"
1, 2, 1, 1, ARITHMETIC, 25, 180, 51.5911033608, 25, 180, 51.5911033608, pS1[20], "param_init_bounded_number","selectivity","selectivity","z50_for_GF.AllGear_selectivity_(females,_1987-1996)"
1, 2, 1, 1, ARITHMETIC, 25, 180, 71.2488079572, 25, 180, 71.2488079572, pS1[21], "param_init_bounded_number","selectivity","selectivity","z50_for_GF.AllGear_selectivity_(females,_1997+)"
1, 3, 1, 1, ARITHMETIC, 100, 140, 129.285500103, 100, 140, 129.285500103, pS1[26], "param_init_bounded_number","selectivity","selectivity","size_at_1_for_RKF_selectivity_(females,_1997-2004)"
1, 3, 1, 1, ARITHMETIC, 100, 140, 130.28085113, 100, 140, 130.28085113, pS1[27], "param_init_bounded_number","selectivity","selectivity","size_at_1_for_RKF_selectivity_(females,_2005+)"
1, 1, 1, 1, ARITHMETIC, 85, 160, 136.181763177, 85, 160, 136.181763177, pS1[28], "param_init_bounded_number","selectivity","selectivity","z50_for_TCF_retention_(2005-2009)"
1, 1, 1, 1, ARITHMETIC, 85, 160, 133.884524306, 85, 160, 133.884524306, pS1[29], "param_init_bounded_number","selectivity","selectivity","z50_for_TCF_retention_(2013+)"
1, 1, 1, 1, ARITHMETIC, 10, 100, 61.1731197106, 10, 100, 61.1731197106, pS2[1], "param_init_bounded_number","selectivity","selectivity","width_for_NMFS_survey_selectivity_(males,_pre-1982)"
1, 1, 1, 1, ARITHMETIC, 10, 100, 84.9878829861, 10, 100, 84.9878829861, pS2[2], "param_init_bounded_number","selectivity","selectivity","width_for_NMFS_survey_selectivity_(males,_1982+)"
1, 1, 1, 1, ARITHMETIC, 10, 100, 51.1871696584, 10, 100, 51.1871696584, pS2[3], "param_init_bounded_number","selectivity","selectivity","width_for_NMFS_survey_selectivity_(females,_pre-1982)"
1, 1, 1, 1, ARITHMETIC, 10, 100, 87.62792412, 10, 100, 87.62792412, pS2[4], "param_init_bounded_number","selectivity","selectivity","width_for_NMFS_survey_selectivity_(females,_1982+)"
1, 1, 1, 1, ARITHMETIC, 0.2, 1, 0.782193118982, 0.2, 1, 0.782193118982, pS2[5], "param_init_bounded_number","selectivity","selectivity","slope_for_TCF_retention_(pre-1991)"
1, 1, 1, 1, ARITHMETIC, 0.2, 2, 1.26842268316, 0.2, 2, 1.26842268316, pS2[6], "param_init_bounded_number","selectivity","selectivity","slope_for_TCF_retention_(1997+)"
1, 1, 1, 1, ARITHMETIC, 0.05, 0.75, 0.176734288424, 0.05, 0.75, 0.176734288424, pS2[7], "param_init_bounded_number","selectivity","selectivity","slope_for_TCF_selectivity_(males,_pre-1997)"
1, 1, 1, 1, ARITHMETIC, 0.1, 0.4, 0.155594099012, 0.1, 0.4, 0.155594099012, pS2[8], "param_init_bounded_number","selectivity","selectivity","slope_for_TCF_selectivity_(males,_1997+)"
1, 1, 1, 1, ARITHMETIC, 0.05, 0.75, 0.113799929243, 0.05, 0.75, 0.113799929243, pS2[9], "param_init_bounded_number","selectivity","selectivity","slope_for_TCF_selectivity_(females)"
1, 2, 1, 1, ARITHMETIC, 1, 50, 35.2852003129, 1, 50, 35.2852003129, pS2[10], "param_init_bounded_number","selectivity","selectivity","ascending_width_for_SCF_selectivity_(males,_pre-1997)"
1, 2, 1, 1, ARITHMETIC, 1, 50, 21.7521127986, 1, 50, 21.7521127986, pS2[11], "param_init_bounded_number","selectivity","selectivity","ascending_width_for_SCF_selectivity_(males,_1997-2004)"
1, 2, 1, 1, ARITHMETIC, 1, 50, 10.9037858332, 1, 50, 10.9037858332, pS2[12], "param_init_bounded_number","selectivity","selectivity","ascending_width_for_SCF_selectivity_(males,_2005+)"
1, 2, 1, 1, ARITHMETIC, 0.05, 0.5, 0.153783016019, 0.05, 0.5, 0.153783016019, pS2[13], "param_init_bounded_number","selectivity","selectivity","slope_for_SCF_selectivity_(females,_pre-1997)"
1, 2, 1, 1, ARITHMETIC, 0.05, 0.5, 0.270656553478, 0.05, 0.5, 0.270656553478, pS2[14], "param_init_bounded_number","selectivity","selectivity","slope_for_SCF_selectivity_(females,_1997-2004)"
1, 2, 1, 1, ARITHMETIC, 0.05, 0.5, 0.112540570876, 0.05, 0.5, 0.112540570876, pS2[15], "param_init_bounded_number","selectivity","selectivity","slope_for_SCF_selectivity_(females,_2005+)"
1, 2, 1, 1, ARITHMETIC, 0.01, 0.5, 0.032715998195, 0.01, 0.5, 0.032715998195, pS2[16], "param_init_bounded_number","selectivity","selectivity","slope_for_GF.AllGear_selectivity_(males,_pre-1987)"
1, 2, 1, 1, ARITHMETIC, 0.01, 0.5, 0.0396803118537, 0.01, 0.5, 0.0396803118537, pS2[17], "param_init_bounded_number","selectivity","selectivity","slope_for_GF.AllGear_selectivity_(males,_1987-1996)"
1, 2, 1, 1, ARITHMETIC, 0.01, 0.5, 0.138751049982, 0.01, 0.5, 0.138751049982, pS2[18], "param_init_bounded_number","selectivity","selectivity","slope_for_GF.AllGear_selectivity_(males,_1997+)"
1, 2, 1, 1, ARITHMETIC, 0.01, 0.5, 0.100129175282, 0.01, 0.5, 0.100129175282, pS2[19], "param_init_bounded_number","selectivity","selectivity","slope_for_GF.AllGear_selectivity_(females,_pre-1987)"
1, 2, 1, 1, ARITHMETIC, 0.01, 0.5, 0.162767843639, 0.01, 0.5, 0.162767843639, pS2[20], "param_init_bounded_number","selectivity","selectivity","slope_for_GF.AllGear_selectivity_(females,_1987-1996)"
1, 2, 1, 1, ARITHMETIC, 0.01, 0.5, 0.0841194432213, 0.01, 0.5, 0.0841194432213, pS2[21], "param_init_bounded_number","selectivity","selectivity","slope_for_GF.AllGear_selectivity_(females,_1997+)"
1, 3, 1, 1, ARITHMETIC, 5, 100, 18.3591236016, 5, 100, 18.3591236016, pS2[22], "param_init_bounded_number","selectivity","selectivity","width_for_RKF_selectivity_(males,_pre-1997)"
1, 3, 1, 1, ARITHMETIC, 5, 100, 19.9257705995, 5, 100, 19.9257705995, pS2[23], "param_init_bounded_number","selectivity","selectivity","width_for_RKF_selectivity_(males,_1997-2004)"
1, 3, 1, 1, ARITHMETIC, 5, 100, 31.0053585513, 5, 100, 31.0053585513, pS2[24], "param_init_bounded_number","selectivity","selectivity","width_for_RKF_selectivity_(males,_2005+)"
1, 3, 1, 1, ARITHMETIC, 5, 100, 29.8941689766, 5, 100, 29.8941689766, pS2[25], "param_init_bounded_number","selectivity","selectivity","width_for_RKF_selectivity_(males,_pre-1997)"
1, 3, 1, 1, ARITHMETIC, 5, 100, 27.9610636599, 5, 100, 27.9610636599, pS2[26], "param_init_bounded_number","selectivity","selectivity","width_for_RKF_selectivity_(males,_1997-2004)"
1, 3, 1, 1, ARITHMETIC, 5, 100, 23.1524254588, 5, 100, 23.1524254588, pS2[27], "param_init_bounded_number","selectivity","selectivity","width_for_RKF_selectivity_(males,_2005+)"
1, 1, 1, 1, ARITHMETIC, 0.2, 2, 0.513733498539, 0.2, 2, 0.513733498539, pS2[29], "param_init_bounded_number","selectivity","selectivity","slope_for_TCF_retention_(2013+)"
1, 2, 1, 1, ARITHMETIC, 1, 30, 23.1124833959, 1, 30, 23.1124833959, pS4[2], "param_init_bounded_number","selectivity","selectivity","descending_width_for_SCF_selectivity_(males,_1997-2004)"
1, 2, 1, 1, ARITHMETIC, 1, 30, 11.7044861111, 1, 30, 11.7044861111, pS4[3], "param_init_bounded_number","selectivity","selectivity","descending_width_for_SCF_selectivity_(males,_2005+)"
1, 2, 1, 20, ARITHMETIC, -0.5, 0.5, 0.0848921701568, -0.5, 0.5, 0.0848921701568, pDevsS1, "param_init_bounded_dev_vector","selectivity","selectivity","ln(z50_devs)_for_TCF_selectivity_(males,_1991+)"
2, 2, 1, 20, ARITHMETIC, -0.5, 0.5, 0.179537429836, -0.5, 0.5, 0.179537429836, pDevsS1, "param_init_bounded_dev_vector","selectivity","selectivity","ln(z50_devs)_for_TCF_selectivity_(males,_1991+)"
3, 2, 1, 20, ARITHMETIC, -0.5, 0.5, 0.121494031827, -0.5, 0.5, 0.121494031827, pDevsS1, "param_init_bounded_dev_vector","selectivity","selectivity","ln(z50_devs)_for_TCF_selectivity_(males,_1991+)"
4, 2, 1, 20, ARITHMETIC, -0.5, 0.5, 0.123708424763, -0.5, 0.5, 0.123708424763, pDevsS1, "param_init_bounded_dev_vector","selectivity","selectivity","ln(z50_devs)_for_TCF_selectivity_(males,_1991+)"
5, 2, 1, 20, ARITHMETIC, -0.5, 0.5, 0.13690015761, -0.5, 0.5, 0.13690015761, pDevsS1, "param_init_bounded_dev_vector","selectivity","selectivity","ln(z50_devs)_for_TCF_selectivity_(males,_1991+)"
6, 2, 1, 20, ARITHMETIC, -0.5, 0.5, 0.119682818879, -0.5, 0.5, 0.119682818879, pDevsS1, "param_init_bounded_dev_vector","selectivity","selectivity","ln(z50_devs)_for_TCF_selectivity_(males,_1991+)"
7, 2, 1, 20, ARITHMETIC, -0.5, 0.5, -0.0174492409923, -0.5, 0.5, -0.0174492409923, pDevsS1, "param_init_bounded_dev_vector","selectivity","selectivity","ln(z50_devs)_for_TCF_selectivity_(males,_1991+)"
8, 2, 1, 20, ARITHMETIC, -0.5, 0.5, -0.0759140904573, -0.5, 0.5, -0.0759140904573, pDevsS1, "param_init_bounded_dev_vector","selectivity","selectivity","ln(z50_devs)_for_TCF_selectivity_(males,_1991+)"
9, 2, 1, 20, ARITHMETIC, -0.5, 0.5, -0.000255081108868, -0.5, 0.5, -0.000255081108868, pDevsS1, "param_init_bounded_dev_vector","selectivity","selectivity","ln(z50_devs)_for_TCF_selectivity_(males,_1991+)"
10, 2, 1, 20, ARITHMETIC, -0.5, 0.5, 0.0756806142446, -0.5, 0.5, 0.0756806142446, pDevsS1, "param_init_bounded_dev_vector","selectivity","selectivity","ln(z50_devs)_for_TCF_selectivity_(males,_1991+)"
11, 2, 1, 20, ARITHMETIC, -0.5, 0.5, 0.249749957637, -0.5, 0.5, 0.249749957637, pDevsS1, "param_init_bounded_dev_vector","selectivity","selectivity","ln(z50_devs)_for_TCF_selectivity_(males,_1991+)"
12, 2, 1, 20, ARITHMETIC, -0.5, 0.5, 0.00388916077306, -0.5, 0.5, 0.00388916077306, pDevsS1, "param_init_bounded_dev_vector","selectivity","selectivity","ln(z50_devs)_for_TCF_selectivity_(males,_1991+)"
13, 2, 1, 20, ARITHMETIC, -0.5, 0.5, -0.212437418052, -0.5, 0.5, -0.212437418052, pDevsS1, "param_init_bounded_dev_vector","selectivity","selectivity","ln(z50_devs)_for_TCF_selectivity_(males,_1991+)"
14, 2, 1, 20, ARITHMETIC, -0.5, 0.5, -0.0100247954148, -0.5, 0.5, -0.0100247954148, pDevsS1, "param_init_bounded_dev_vector","selectivity","selectivity","ln(z50_devs)_for_TCF_selectivity_(males,_1991+)"
15, 2, 1, 20, ARITHMETIC, -0.5, 0.5, -0.102939448629, -0.5, 0.5, -0.102939448629, pDevsS1, "param_init_bounded_dev_vector","selectivity","selectivity","ln(z50_devs)_for_TCF_selectivity_(males,_1991+)"
16, 2, 1, 20, ARITHMETIC, -0.5, 0.5, -0.264523155066, -0.5, 0.5, -0.264523155066, pDevsS1, "param_init_bounded_dev_vector","selectivity","selectivity","ln(z50_devs)_for_TCF_selectivity_(males,_1991+)"
17, 2, 1, 20, ARITHMETIC, -0.5, 0.5, -0.0482540829504, -0.5, 0.5, -0.0482540829504, pDevsS1, "param_init_bounded_dev_vector","selectivity","selectivity","ln(z50_devs)_for_TCF_selectivity_(males,_1991+)"
18, 2, 1, 20, ARITHMETIC, -0.5, 0.5, -0.153966743412, -0.5, 0.5, -0.153966743412, pDevsS1, "param_init_bounded_dev_vector","selectivity","selectivity","ln(z50_devs)_for_TCF_selectivity_(males,_1991+)"
19, 2, 1, 20, ARITHMETIC, -0.5, 0.5, -0.101987742315, -0.5, 0.5, -0.101987742315, pDevsS1, "param_init_bounded_dev_vector","selectivity","selectivity","ln(z50_devs)_for_TCF_selectivity_(males,_1991+)"
20, 2, 1, 20, ARITHMETIC, -0.5, 0.5, -0.107782967329, -0.5, 0.5, -0.107782967329, pDevsS1, "param_init_bounded_dev_vector","selectivity","selectivity","ln(z50_devs)_for_TCF_selectivity_(males,_1991+)"
1, 1, 1, 1, ARITHMETIC, -10, 2, -0.0564606596072, -10, 2, -0.0564606596072, pLnC[2], "param_init_bounded_number","fisheries","fisheries","TCF:_base_capture_rate,_1965+"
1, 2, 1, 1, ARITHMETIC, -10, 2, -3.20744398329, -10, 2, -3.20744398329, pLnC[4], "param_init_bounded_number","fisheries","fisheries","SCF:_base_capture_rate,_1992+"
1, 2, 1, 1, ARITHMETIC, -10, 2, -5.24862700447, -10, 2, -5.24862700447, pLnC[6], "param_init_bounded_number","fisheries","fisheries","GTF:_base_capture_rate,_ALL_YEARS"
1, 2, 1, 1, ARITHMETIC, -10, 2, -3.72853096527, -10, 2, -3.72853096527, pLnC[8], "param_init_bounded_number","fisheries","fisheries","RKF:_base_capture_rate,_1992+"
1, 1, 1, 1, ARITHMETIC, -5, 0, -2.21945842628, -5, 0, -2.21945842628, pDC2[1], "param_init_bounded_number","fisheries","fisheries","TCF:_female_offset"
1, 2, 1, 1, ARITHMETIC, -5, 0, -2.9693760305, -5, 0, -2.9693760305, pDC2[2], "param_init_bounded_number","fisheries","fisheries","SCF:_female_offset"
1, 2, 1, 1, ARITHMETIC, -5, 0, -0.746725988369, -5, 0, -0.746725988369, pDC2[3], "param_init_bounded_number","fisheries","fisheries","GTF:_female_offset"
1, 2, 1, 1, ARITHMETIC, -5, 0, -2.36256450892, -5, 0, -2.36256450892, pDC2[4], "param_init_bounded_number","fisheries","fisheries","RKF:_female_offset"
1, 1, 1, 44, ARITHMETIC, -5, 5, -1.18492850975, -5, 5, -1.18492850975, pDevsLnC, "param_init_bounded_dev_vector","fisheries","fisheries","TCF:_1965-1984,_1987-1996,_2005-2009,_2013-2015,_2017-2018"
2, 1, 1, 44, ARITHMETIC, -5, 5, -0.299289316248, -5, 5, -0.299289316248, pDevsLnC, "param_init_bounded_dev_vector","fisheries","fisheries","TCF:_1965-1984,_1987-1996,_2005-2009,_2013-2015,_2017-2018"
3, 1, 1, 44, ARITHMETIC, -5, 5, -0.607821163837, -5, 5, -0.607821163837, pDevsLnC, "param_init_bounded_dev_vector","fisheries","fisheries","TCF:_1965-1984,_1987-1996,_2005-2009,_2013-2015,_2017-2018"
4, 1, 1, 44, ARITHMETIC, -5, 5, 0.188691986165, -5, 5, 0.188691986165, pDevsLnC, "param_init_bounded_dev_vector","fisheries","fisheries","TCF:_1965-1984,_1987-1996,_2005-2009,_2013-2015,_2017-2018"
5, 1, 1, 44, ARITHMETIC, -5, 5, 3.90236807388, -5, 5, 3.90236807388, pDevsLnC, "param_init_bounded_dev_vector","fisheries","fisheries","TCF:_1965-1984,_1987-1996,_2005-2009,_2013-2015,_2017-2018"
6, 1, 1, 44, ARITHMETIC, -5, 5, 4.19661441846, -5, 5, 4.19661441846, pDevsLnC, "param_init_bounded_dev_vector","fisheries","fisheries","TCF:_1965-1984,_1987-1996,_2005-2009,_2013-2015,_2017-2018"
7, 1, 1, 44, ARITHMETIC, -5, 5, 2.87081980898, -5, 5, 2.87081980898, pDevsLnC, "param_init_bounded_dev_vector","fisheries","fisheries","TCF:_1965-1984,_1987-1996,_2005-2009,_2013-2015,_2017-2018"
8, 1, 1, 44, ARITHMETIC, -5, 5, 2.8676188603, -5, 5, 2.8676188603, pDevsLnC, "param_init_bounded_dev_vector","fisheries","fisheries","TCF:_1965-1984,_1987-1996,_2005-2009,_2013-2015,_2017-2018"
9, 1, 1, 44, ARITHMETIC, -5, 5, -1.05133760484, -5, 5, -1.05133760484, pDevsLnC, "param_init_bounded_dev_vector","fisheries","fisheries","TCF:_1965-1984,_1987-1996,_2005-2009,_2013-2015,_2017-2018"
10, 1, 1, 44, ARITHMETIC, -5, 5, -1.54263671752, -5, 5, -1.54263671752, pDevsLnC, "param_init_bounded_dev_vector","fisheries","fisheries","TCF:_1965-1984,_1987-1996,_2005-2009,_2013-2015,_2017-2018"
11, 1, 1, 44, ARITHMETIC, -5, 5, -0.0948824653244, -5, 5, -0.0948824653244, pDevsLnC, "param_init_bounded_dev_vector","fisheries","fisheries","TCF:_1965-1984,_1987-1996,_2005-2009,_2013-2015,_2017-2018"
12, 1, 1, 44, ARITHMETIC, -5, 5, 1.92415788465, -5, 5, 1.92415788465, pDevsLnC, "param_init_bounded_dev_vector","fisheries","fisheries","TCF:_1965-1984,_1987-1996,_2005-2009,_2013-2015,_2017-2018"
13, 1, 1, 44, ARITHMETIC, -5, 5, 1.24563662801, -5, 5, 1.24563662801, pDevsLnC, "param_init_bounded_dev_vector","fisheries","fisheries","TCF:_1965-1984,_1987-1996,_2005-2009,_2013-2015,_2017-2018"
14, 1, 1, 44, ARITHMETIC, -5, 5, 2.16366551986, -5, 5, 2.16366551986, pDevsLnC, "param_init_bounded_dev_vector","fisheries","fisheries","TCF:_1965-1984,_1987-1996,_2005-2009,_2013-2015,_2017-2018"
15, 1, 1, 44, ARITHMETIC, -5, 5, 2.45653348594, -5, 5, 2.45653348594, pDevsLnC, "param_init_bounded_dev_vector","fisheries","fisheries","TCF:_1965-1984,_1987-1996,_2005-2009,_2013-2015,_2017-2018"
16, 1, 1, 44, ARITHMETIC, -5, 5, 1.58650981625, -5, 5, 1.58650981625, pDevsLnC, "param_init_bounded_dev_vector","fisheries","fisheries","TCF:_1965-1984,_1987-1996,_2005-2009,_2013-2015,_2017-2018"
17, 1, 1, 44, ARITHMETIC, -5, 5, 1.76856052681, -5, 5, 1.76856052681, pDevsLnC, "param_init_bounded_dev_vector","fisheries","fisheries","TCF:_1965-1984,_1987-1996,_2005-2009,_2013-2015,_2017-2018"
18, 1, 1, 44, ARITHMETIC, -5, 5, -1.15533577043, -5, 5, -1.15533577043, pDevsLnC, "param_init_bounded_dev_vector","fisheries","fisheries","TCF:_1965-1984,_1987-1996,_2005-2009,_2013-2015,_2017-2018"
19, 1, 1, 44, ARITHMETIC, -5, 5, -3.63441457896, -5, 5, -3.63441457896, pDevsLnC, "param_init_bounded_dev_vector","fisheries","fisheries","TCF:_1965-1984,_1987-1996,_2005-2009,_2013-2015,_2017-2018"
20, 1, 1, 44, ARITHMETIC, -5, 5, -0.385924248393, -5, 5, -0.385924248393, pDevsLnC, "param_init_bounded_dev_vector","fisheries","fisheries","TCF:_1965-1984,_1987-1996,_2005-2009,_2013-2015,_2017-2018"
21, 1, 1, 44, ARITHMETIC, -5, 5, -0.471381305963, -5, 5, -0.471381305963, pDevsLnC, "param_init_bounded_dev_vector","fisheries","fisheries","TCF:_1965-1984,_1987-1996,_2005-2009,_2013-2015,_2017-2018"
22, 1, 1, 44, ARITHMETIC, -5, 5, -0.703892954002, -5, 5, -0.703892954002, pDevsLnC, "param_init_bounded_dev_vector","fisheries","fisheries","TCF:_1965-1984,_1987-1996,_2005-2009,_2013-2015,_2017-2018"
23, 1, 1, 44, ARITHMETIC, -5, 5, -0.0986638304717, -5, 5, -0.0986638304717, pDevsLnC, "param_init_bounded_dev_vector","fisheries","fisheries","TCF:_1965-1984,_1987-1996,_2005-2009,_2013-2015,_2017-2018"
24, 1, 1, 44, ARITHMETIC, -5, 5, 1.88993904353, -5, 5, 1.88993904353, pDevsLnC, "param_init_bounded_dev_vector","fisheries","fisheries","TCF:_1965-1984,_1987-1996,_2005-2009,_2013-2015,_2017-2018"
25, 1, 1, 44, ARITHMETIC, -5, 5, 3.07871139924, -5, 5, 3.07871139924, pDevsLnC, "param_init_bounded_dev_vector","fisheries","fisheries","TCF:_1965-1984,_1987-1996,_2005-2009,_2013-2015,_2017-2018"
26, 1, 1, 44, ARITHMETIC, -5, 5, 2.43815325347, -5, 5, 2.43815325347, pDevsLnC, "param_init_bounded_dev_vector","fisheries","fisheries","TCF:_1965-1984,_1987-1996,_2005-2009,_2013-2015,_2017-2018"
27, 1, 1, 44, ARITHMETIC, -5, 5, 0.976825328082, -5, 5, 0.976825328082, pDevsLnC, "param_init_bounded_dev_vector","fisheries","fisheries","TCF:_1965-1984,_1987-1996,_2005-2009,_2013-2015,_2017-2018"
28, 1, 1, 44, ARITHMETIC, -5, 5, 0.21484399097, -5, 5, 0.21484399097, pDevsLnC, "param_init_bounded_dev_vector","fisheries","fisheries","TCF:_1965-1984,_1987-1996,_2005-2009,_2013-2015,_2017-2018"
29, 1, 1, 44, ARITHMETIC, -5, 5, 0.545348964209, -5, 5, 0.545348964209, pDevsLnC, "param_init_bounded_dev_vector","fisheries","fisheries","TCF:_1965-1984,_1987-1996,_2005-2009,_2013-2015,_2017-2018"
30, 1, 1, 44, ARITHMETIC, -5, 5, -0.170226243825, -5, 5, -0.170226243825, pDevsLnC, "param_init_bounded_dev_vector","fisheries","fisheries","TCF:_1965-1984,_1987-1996,_2005-2009,_2013-2015,_2017-2018"
31, 1, 1, 44, ARITHMETIC, -5, 5, -2.06625962286, -5, 5, -2.06625962286, pDevsLnC, "param_init_bounded_dev_vector","fisheries","fisheries","TCF:_1965-1984,_1987-1996,_2005-2009,_2013-2015,_2017-2018"
32, 1, 1, 44, ARITHMETIC, -5, 5, -0.86254383777, -5, 5, -0.86254383777, pDevsLnC, "param_init_bounded_dev_vector","fisheries","fisheries","TCF:_1965-1984,_1987-1996,_2005-2009,_2013-2015,_2017-2018"
33, 1, 1, 44, ARITHMETIC, -5, 5, -2.8662413329, -5, 5, -2.8662413329, pDevsLnC, "param_init_bounded_dev_vector","fisheries","fisheries","TCF:_1965-1984,_1987-1996,_2005-2009,_2013-2015,_2017-2018"
34, 1, 1, 44, ARITHMETIC, -5, 5, -2.69312981865, -5, 5, -2.69312981865, pDevsLnC, "param_init_bounded_dev_vector","fisheries","fisheries","TCF:_1965-1984,_1987-1996,_2005-2009,_2013-2015,_2017-2018"
35, 1, 1, 44, ARITHMETIC, -5, 5, -3.1570344859, -5, 5, -3.1570344859, pDevsLnC, "param_init_bounded_dev_vector","fisheries","fisheries","TCF:_1965-1984,_1987-1996,_2005-2009,_2013-2015,_2017-2018"
36, 1, 1, 44, ARITHMETIC, -5, 5, -1.02294093091, -5, 5, -1.02294093091, pDevsLnC, "param_init_bounded_dev_vector","fisheries","fisheries","TCF:_1965-1984,_1987-1996,_2005-2009,_2013-2015,_2017-2018"
37, 1, 1, 44, ARITHMETIC, -5, 5, 0.160524362941, -5, 5, 0.160524362941, pDevsLnC, "param_init_bounded_dev_vector","fisheries","fisheries","TCF:_1965-1984,_1987-1996,_2005-2009,_2013-2015,_2017-2018"
38, 1, 1, 44, ARITHMETIC, -5, 5, -1.00960979817, -5, 5, -1.00960979817, pDevsLnC, "param_init_bounded_dev_vector","fisheries","fisheries","TCF:_1965-1984,_1987-1996,_2005-2009,_2013-2015,_2017-2018"
39, 1, 1, 44, ARITHMETIC, -5, 5, -0.69561856682, -5, 5, -0.69561856682, pDevsLnC, "param_init_bounded_dev_vector","fisheries","fisheries","TCF:_1965-1984,_1987-1996,_2005-2009,_2013-2015,_2017-2018"
40, 1, 1, 44, ARITHMETIC, -5, 5, -1.14600920427, -5, 5, -1.14600920427, pDevsLnC, "param_init_bounded_dev_vector","fisheries","fisheries","TCF:_1965-1984,_1987-1996,_2005-2009,_2013-2015,_2017-2018"
41, 1, 1, 44, ARITHMETIC, -5, 5, -2.4119909343, -5, 5, -2.4119909343, pDevsLnC, "param_init_bounded_dev_vector","fisheries","fisheries","TCF:_1965-1984,_1987-1996,_2005-2009,_2013-2015,_2017-2018"
42, 1, 1, 44, ARITHMETIC, -5, 5, -1.79696116918, -5, 5, -1.79696116918, pDevsLnC, "param_init_bounded_dev_vector","fisheries","fisheries","TCF:_1965-1984,_1987-1996,_2005-2009,_2013-2015,_2017-2018"
43, 1, 1, 44, ARITHMETIC, -5, 5, -2.2517639458, -5, 5, -2.2517639458, pDevsLnC, "param_init_bounded_dev_vector","fisheries","fisheries","TCF:_1965-1984,_1987-1996,_2005-2009,_2013-2015,_2017-2018"
44, 1, 1, 44, ARITHMETIC, -5, 5, -1.09468499466, -5, 5, -1.09468499466, pDevsLnC, "param_init_bounded_dev_vector","fisheries","fisheries","TCF:_1965-1984,_1987-1996,_2005-2009,_2013-2015,_2017-2018"
1, 2, 1, 32, ARITHMETIC, -5, 5, 2.87064619683, -5, 5, 2.87064619683, pDevsLnC, "param_init_bounded_dev_vector","fisheries","fisheries","SCF:_1992+"
2, 2, 1, 32, ARITHMETIC, -5, 5, 0.858114901803, -5, 5, 0.858114901803, pDevsLnC, "param_init_bounded_dev_vector","fisheries","fisheries","SCF:_1992+"
3, 2, 1, 32, ARITHMETIC, -5, 5, 1.97095949692, -5, 5, 1.97095949692, pDevsLnC, "param_init_bounded_dev_vector","fisheries","fisheries","SCF:_1992+"
4, 2, 1, 32, ARITHMETIC, -5, 5, 1.22204057927, -5, 5, 1.22204057927, pDevsLnC, "param_init_bounded_dev_vector","fisheries","fisheries","SCF:_1992+"
5, 2, 1, 32, ARITHMETIC, -5, 5, 0.812420026898, -5, 5, 0.812420026898, pDevsLnC, "param_init_bounded_dev_vector","fisheries","fisheries","SCF:_1992+"
6, 2, 1, 32, ARITHMETIC, -5, 5, 0.214428216639, -5, 5, 0.214428216639, pDevsLnC, "param_init_bounded_dev_vector","fisheries","fisheries","SCF:_1992+"
7, 2, 1, 32, ARITHMETIC, -5, 5, 0.6381084751, -5, 5, 0.6381084751, pDevsLnC, "param_init_bounded_dev_vector","fisheries","fisheries","SCF:_1992+"
8, 2, 1, 32, ARITHMETIC, -5, 5, 0.4680205064, -5, 5, 0.4680205064, pDevsLnC, "param_init_bounded_dev_vector","fisheries","fisheries","SCF:_1992+"
9, 2, 1, 32, ARITHMETIC, -5, 5, 0.812951517897, -5, 5, 0.812951517897, pDevsLnC, "param_init_bounded_dev_vector","fisheries","fisheries","SCF:_1992+"
10, 2, 1, 32, ARITHMETIC, -5, 5, -0.224800559655, -5, 5, -0.224800559655, pDevsLnC, "param_init_bounded_dev_vector","fisheries","fisheries","SCF:_1992+"
11, 2, 1, 32, ARITHMETIC, -5, 5, -0.867272948944, -5, 5, -0.867272948944, pDevsLnC, "param_init_bounded_dev_vector","fisheries","fisheries","SCF:_1992+"
12, 2, 1, 32, ARITHMETIC, -5, 5, 0.21191264184, -5, 5, 0.21191264184, pDevsLnC, "param_init_bounded_dev_vector","fisheries","fisheries","SCF:_1992+"
13, 2, 1, 32, ARITHMETIC, -5, 5, -2.2976657469, -5, 5, -2.2976657469, pDevsLnC, "param_init_bounded_dev_vector","fisheries","fisheries","SCF:_1992+"
14, 2, 1, 32, ARITHMETIC, -5, 5, -2.67519380906, -5, 5, -2.67519380906, pDevsLnC, "param_init_bounded_dev_vector","fisheries","fisheries","SCF:_1992+"
15, 2, 1, 32, ARITHMETIC, -5, 5, -1.55841093626, -5, 5, -1.55841093626, pDevsLnC, "param_init_bounded_dev_vector","fisheries","fisheries","SCF:_1992+"
16, 2, 1, 32, ARITHMETIC, -5, 5, -0.639803201499, -5, 5, -0.639803201499, pDevsLnC, "param_init_bounded_dev_vector","fisheries","fisheries","SCF:_1992+"
17, 2, 1, 32, ARITHMETIC, -5, 5, -0.185310774979, -5, 5, -0.185310774979, pDevsLnC, "param_init_bounded_dev_vector","fisheries","fisheries","SCF:_1992+"
18, 2, 1, 32, ARITHMETIC, -5, 5, -0.403186349252, -5, 5, -0.403186349252, pDevsLnC, "param_init_bounded_dev_vector","fisheries","fisheries","SCF:_1992+"
19, 2, 1, 32, ARITHMETIC, -5, 5, 0.632586448036, -5, 5, 0.632586448036, pDevsLnC, "param_init_bounded_dev_vector","fisheries","fisheries","SCF:_1992+"
20, 2, 1, 32, ARITHMETIC, -5, 5, 0.984145833643, -5, 5, 0.984145833643, pDevsLnC, "param_init_bounded_dev_vector","fisheries","fisheries","SCF:_1992+"
21, 2, 1, 32, ARITHMETIC, -5, 5, 0.294000276602, -5, 5, 0.294000276602, pDevsLnC, "param_init_bounded_dev_vector","fisheries","fisheries","SCF:_1992+"
22, 2, 1, 32, ARITHMETIC, -5, 5, -0.334439660123, -5, 5, -0.334439660123, pDevsLnC, "param_init_bounded_dev_vector","fisheries","fisheries","SCF:_1992+"
23, 2, 1, 32, ARITHMETIC, -5, 5, -0.118515502288, -5, 5, -0.118515502288, pDevsLnC, "param_init_bounded_dev_vector","fisheries","fisheries","SCF:_1992+"
24, 2, 1, 32, ARITHMETIC, -5, 5, -0.459271387496, -5, 5, -0.459271387496, pDevsLnC, "param_init_bounded_dev_vector","fisheries","fisheries","SCF:_1992+"
25, 2, 1, 32, ARITHMETIC, -5, 5, 1.25808455452, -5, 5, 1.25808455452, pDevsLnC, "param_init_bounded_dev_vector","fisheries","fisheries","SCF:_1992+"
26, 2, 1, 32, ARITHMETIC, -5, 5, 0.832439109186, -5, 5, 0.832439109186, pDevsLnC, "param_init_bounded_dev_vector","fisheries","fisheries","SCF:_1992+"
27, 2, 1, 32, ARITHMETIC, -5, 5, 0.0963141758594, -5, 5, 0.0963141758594, pDevsLnC, "param_init_bounded_dev_vector","fisheries","fisheries","SCF:_1992+"
28, 2, 1, 32, ARITHMETIC, -5, 5, -0.743402742367, -5, 5, -0.743402742367, pDevsLnC, "param_init_bounded_dev_vector","fisheries","fisheries","SCF:_1992+"
29, 2, 1, 32, ARITHMETIC, -5, 5, -0.29125136967, -5, 5, -0.29125136967, pDevsLnC, "param_init_bounded_dev_vector","fisheries","fisheries","SCF:_1992+"
30, 2, 1, 32, ARITHMETIC, -5, 5, 0.110085194525, -5, 5, 0.110085194525, pDevsLnC, "param_init_bounded_dev_vector","fisheries","fisheries","SCF:_1992+"
31, 2, 1, 32, ARITHMETIC, -5, 5, -2.21332608768, -5, 5, -2.21332608768, pDevsLnC, "param_init_bounded_dev_vector","fisheries","fisheries","SCF:_1992+"
32, 2, 1, 32, ARITHMETIC, -5, 5, -1.27540707581, -5, 5, -1.27540707581, pDevsLnC, "param_init_bounded_dev_vector","fisheries","fisheries","SCF:_1992+"
1, 2, 1, 51, ARITHMETIC, -5, 5, 2.47325400153, -5, 5, 2.47325400153, pDevsLnC, "param_init_bounded_dev_vector","fisheries","fisheries","GF.AllGear:_1973+"
2, 2, 1, 51, ARITHMETIC, -5, 5, 0.772060416236, -5, 5, 0.772060416236, pDevsLnC, "param_init_bounded_dev_vector","fisheries","fisheries","GF.AllGear:_1973+"
3, 2, 1, 51, ARITHMETIC, -5, 5, 0.335448078619, -5, 5, 0.335448078619, pDevsLnC, "param_init_bounded_dev_vector","fisheries","fisheries","GF.AllGear:_1973+"
4, 2, 1, 51, ARITHMETIC, -5, 5, 1.20555078834, -5, 5, 1.20555078834, pDevsLnC, "param_init_bounded_dev_vector","fisheries","fisheries","GF.AllGear:_1973+"
5, 2, 1, 51, ARITHMETIC, -5, 5, 1.00399895346, -5, 5, 1.00399895346, pDevsLnC, "param_init_bounded_dev_vector","fisheries","fisheries","GF.AllGear:_1973+"
6, 2, 1, 51, ARITHMETIC, -5, 5, 1.14553900439, -5, 5, 1.14553900439, pDevsLnC, "param_init_bounded_dev_vector","fisheries","fisheries","GF.AllGear:_1973+"
7, 2, 1, 51, ARITHMETIC, -5, 5, 0.180645626673, -5, 5, 0.180645626673, pDevsLnC, "param_init_bounded_dev_vector","fisheries","fisheries","GF.AllGear:_1973+"
8, 2, 1, 51, ARITHMETIC, -5, 5, -0.0853210556286, -5, 5, -0.0853210556286, pDevsLnC, "param_init_bounded_dev_vector","fisheries","fisheries","GF.AllGear:_1973+"
9, 2, 1, 51, ARITHMETIC, -5, 5, -1.05833335886, -5, 5, -1.05833335886, pDevsLnC, "param_init_bounded_dev_vector","fisheries","fisheries","GF.AllGear:_1973+"
10, 2, 1, 51, ARITHMETIC, -5, 5, -0.812631124066, -5, 5, -0.812631124066, pDevsLnC, "param_init_bounded_dev_vector","fisheries","fisheries","GF.AllGear:_1973+"
11, 2, 1, 51, ARITHMETIC, -5, 5, -0.0644988557544, -5, 5, -0.0644988557544, pDevsLnC, "param_init_bounded_dev_vector","fisheries","fisheries","GF.AllGear:_1973+"
12, 2, 1, 51, ARITHMETIC, -5, 5, -0.188106668379, -5, 5, -0.188106668379, pDevsLnC, "param_init_bounded_dev_vector","fisheries","fisheries","GF.AllGear:_1973+"
13, 2, 1, 51, ARITHMETIC, -5, 5, -1.10044456849, -5, 5, -1.10044456849, pDevsLnC, "param_init_bounded_dev_vector","fisheries","fisheries","GF.AllGear:_1973+"
14, 2, 1, 51, ARITHMETIC, -5, 5, 0.640285559253, -5, 5, 0.640285559253, pDevsLnC, "param_init_bounded_dev_vector","fisheries","fisheries","GF.AllGear:_1973+"
15, 2, 1, 51, ARITHMETIC, -5, 5, -1.63668293392, -5, 5, -1.63668293392, pDevsLnC, "param_init_bounded_dev_vector","fisheries","fisheries","GF.AllGear:_1973+"
16, 2, 1, 51, ARITHMETIC, -5, 5, -1.13486307774, -5, 5, -1.13486307774, pDevsLnC, "param_init_bounded_dev_vector","fisheries","fisheries","GF.AllGear:_1973+"
17, 2, 1, 51, ARITHMETIC, -5, 5, -0.102086847506, -5, 5, -0.102086847506, pDevsLnC, "param_init_bounded_dev_vector","fisheries","fisheries","GF.AllGear:_1973+"
18, 2, 1, 51, ARITHMETIC, -5, 5, 0.34513938551, -5, 5, 0.34513938551, pDevsLnC, "param_init_bounded_dev_vector","fisheries","fisheries","GF.AllGear:_1973+"
19, 2, 1, 51, ARITHMETIC, -5, 5, -0.0765049159554, -5, 5, -0.0765049159554, pDevsLnC, "param_init_bounded_dev_vector","fisheries","fisheries","GF.AllGear:_1973+"
20, 2, 1, 51, ARITHMETIC, -5, 5, 1.3069451528, -5, 5, 1.3069451528, pDevsLnC, "param_init_bounded_dev_vector","fisheries","fisheries","GF.AllGear:_1973+"
21, 2, 1, 51, ARITHMETIC, -5, 5, -0.603532249558, -5, 5, -0.603532249558, pDevsLnC, "param_init_bounded_dev_vector","fisheries","fisheries","GF.AllGear:_1973+"
22, 2, 1, 51, ARITHMETIC, -5, 5, 1.17608077644, -5, 5, 1.17608077644, pDevsLnC, "param_init_bounded_dev_vector","fisheries","fisheries","GF.AllGear:_1973+"
23, 2, 1, 51, ARITHMETIC, -5, 5, -0.0495558894793, -5, 5, -0.0495558894793, pDevsLnC, "param_init_bounded_dev_vector","fisheries","fisheries","GF.AllGear:_1973+"
24, 2, 1, 51, ARITHMETIC, -5, 5, -0.027760160619, -5, 5, -0.027760160619, pDevsLnC, "param_init_bounded_dev_vector","fisheries","fisheries","GF.AllGear:_1973+"
25, 2, 1, 51, ARITHMETIC, -5, 5, 1.18318302336, -5, 5, 1.18318302336, pDevsLnC, "param_init_bounded_dev_vector","fisheries","fisheries","GF.AllGear:_1973+"
26, 2, 1, 51, ARITHMETIC, -5, 5, 0.206993505242, -5, 5, 0.206993505242, pDevsLnC, "param_init_bounded_dev_vector","fisheries","fisheries","GF.AllGear:_1973+"
27, 2, 1, 51, ARITHMETIC, -5, 5, 0.544497134264, -5, 5, 0.544497134264, pDevsLnC, "param_init_bounded_dev_vector","fisheries","fisheries","GF.AllGear:_1973+"
28, 2, 1, 51, ARITHMETIC, -5, 5, -0.0927507900377, -5, 5, -0.0927507900377, pDevsLnC, "param_init_bounded_dev_vector","fisheries","fisheries","GF.AllGear:_1973+"
29, 2, 1, 51, ARITHMETIC, -5, 5, 1.9361494419, -5, 5, 1.9361494419, pDevsLnC, "param_init_bounded_dev_vector","fisheries","fisheries","GF.AllGear:_1973+"
30, 2, 1, 51, ARITHMETIC, -5, 5, 1.48303760702, -5, 5, 1.48303760702, pDevsLnC, "param_init_bounded_dev_vector","fisheries","fisheries","GF.AllGear:_1973+"
31, 2, 1, 51, ARITHMETIC, -5, 5, -0.991630320363, -5, 5, -0.991630320363, pDevsLnC, "param_init_bounded_dev_vector","fisheries","fisheries","GF.AllGear:_1973+"
32, 2, 1, 51, ARITHMETIC, -5, 5, 1.25208065925, -5, 5, 1.25208065925, pDevsLnC, "param_init_bounded_dev_vector","fisheries","fisheries","GF.AllGear:_1973+"
33, 2, 1, 51, ARITHMETIC, -5, 5, 0.0192643341399, -5, 5, 0.0192643341399, pDevsLnC, "param_init_bounded_dev_vector","fisheries","fisheries","GF.AllGear:_1973+"
34, 2, 1, 51, ARITHMETIC, -5, 5, 0.120773102766, -5, 5, 0.120773102766, pDevsLnC, "param_init_bounded_dev_vector","fisheries","fisheries","GF.AllGear:_1973+"
35, 2, 1, 51, ARITHMETIC, -5, 5, 1.11739950698, -5, 5, 1.11739950698, pDevsLnC, "param_init_bounded_dev_vector","fisheries","fisheries","GF.AllGear:_1973+"
36, 2, 1, 51, ARITHMETIC, -5, 5, -0.160289925425, -5, 5, -0.160289925425, pDevsLnC, "param_init_bounded_dev_vector","fisheries","fisheries","GF.AllGear:_1973+"
37, 2, 1, 51, ARITHMETIC, -5, 5, 0.544099748207, -5, 5, 0.544099748207, pDevsLnC, "param_init_bounded_dev_vector","fisheries","fisheries","GF.AllGear:_1973+"
38, 2, 1, 51, ARITHMETIC, -5, 5, -1.18497875393, -5, 5, -1.18497875393, pDevsLnC, "param_init_bounded_dev_vector","fisheries","fisheries","GF.AllGear:_1973+"
39, 2, 1, 51, ARITHMETIC, -5, 5, 0.566272826601, -5, 5, 0.566272826601, pDevsLnC, "param_init_bounded_dev_vector","fisheries","fisheries","GF.AllGear:_1973+"
40, 2, 1, 51, ARITHMETIC, -5, 5, -2.30476991872, -5, 5, -2.30476991872, pDevsLnC, "param_init_bounded_dev_vector","fisheries","fisheries","GF.AllGear:_1973+"
41, 2, 1, 51, ARITHMETIC, -5, 5, 0.195780059327, -5, 5, 0.195780059327, pDevsLnC, "param_init_bounded_dev_vector","fisheries","fisheries","GF.AllGear:_1973+"
42, 2, 1, 51, ARITHMETIC, -5, 5, -0.714277704403, -5, 5, -0.714277704403, pDevsLnC, "param_init_bounded_dev_vector","fisheries","fisheries","GF.AllGear:_1973+"
43, 2, 1, 51, ARITHMETIC, -5, 5, -2.15935913165, -5, 5, -2.15935913165, pDevsLnC, "param_init_bounded_dev_vector","fisheries","fisheries","GF.AllGear:_1973+"
44, 2, 1, 51, ARITHMETIC, -5, 5, -2.10662354536, -5, 5, -2.10662354536, pDevsLnC, "param_init_bounded_dev_vector","fisheries","fisheries","GF.AllGear:_1973+"
45, 2, 1, 51, ARITHMETIC, -5, 5, 0.0820242019571, -5, 5, 0.0820242019571, pDevsLnC, "param_init_bounded_dev_vector","fisheries","fisheries","GF.AllGear:_1973+"
46, 2, 1, 51, ARITHMETIC, -5, 5, -0.207242871541, -5, 5, -0.207242871541, pDevsLnC, "param_init_bounded_dev_vector","fisheries","fisheries","GF.AllGear:_1973+"
47, 2, 1, 51, ARITHMETIC, -5, 5, -1.52076418389, -5, 5, -1.52076418389, pDevsLnC, "param_init_bounded_dev_vector","fisheries","fisheries","GF.AllGear:_1973+"
48, 2, 1, 51, ARITHMETIC, -5, 5, -0.59116204413, -5, 5, -0.59116204413, pDevsLnC, "param_init_bounded_dev_vector","fisheries","fisheries","GF.AllGear:_1973+"
49, 2, 1, 51, ARITHMETIC, -5, 5, -1.16973436331, -5, 5, -1.16973436331, pDevsLnC, "param_init_bounded_dev_vector","fisheries","fisheries","GF.AllGear:_1973+"
50, 2, 1, 51, ARITHMETIC, -5, 5, -0.383245160278, -5, 5, -0.383245160278, pDevsLnC, "param_init_bounded_dev_vector","fisheries","fisheries","GF.AllGear:_1973+"
51, 2, 1, 51, ARITHMETIC, -5, 5, 0.690647524732, -5, 5, 0.690647524732, pDevsLnC, "param_init_bounded_dev_vector","fisheries","fisheries","GF.AllGear:_1973+"
1, 2, 1, 30, ARITHMETIC, -5, 5, 1.870083348, -5, 5, 1.870083348, pDevsLnC, "param_init_bounded_dev_vector","fisheries","fisheries","RKF:_1992+"
2, 2, 1, 30, ARITHMETIC, -5, 5, 3.60899498348, -5, 5, 3.60899498348, pDevsLnC, "param_init_bounded_dev_vector","fisheries","fisheries","RKF:_1992+"
3, 2, 1, 30, ARITHMETIC, -5, 5, 4.46893506942, -5, 5, 4.46893506942, pDevsLnC, "param_init_bounded_dev_vector","fisheries","fisheries","RKF:_1992+"
4, 2, 1, 30, ARITHMETIC, -5, 5, 4.19540430669, -5, 5, 4.19540430669, pDevsLnC, "param_init_bounded_dev_vector","fisheries","fisheries","RKF:_1992+"
5, 2, 1, 30, ARITHMETIC, -5, 5, 3.3297825205, -5, 5, 3.3297825205, pDevsLnC, "param_init_bounded_dev_vector","fisheries","fisheries","RKF:_1992+"
6, 2, 1, 30, ARITHMETIC, -5, 5, 1.52478436904, -5, 5, 1.52478436904, pDevsLnC, "param_init_bounded_dev_vector","fisheries","fisheries","RKF:_1992+"
7, 2, 1, 30, ARITHMETIC, -5, 5, 0.906768586117, -5, 5, 0.906768586117, pDevsLnC, "param_init_bounded_dev_vector","fisheries","fisheries","RKF:_1992+"
8, 2, 1, 30, ARITHMETIC, -5, 5, 0.569804108889, -5, 5, 0.569804108889, pDevsLnC, "param_init_bounded_dev_vector","fisheries","fisheries","RKF:_1992+"
9, 2, 1, 30, ARITHMETIC, -5, 5, 0.919788473674, -5, 5, 0.919788473674, pDevsLnC, "param_init_bounded_dev_vector","fisheries","fisheries","RKF:_1992+"
10, 2, 1, 30, ARITHMETIC, -5, 5, 0.449017028359, -5, 5, 0.449017028359, pDevsLnC, "param_init_bounded_dev_vector","fisheries","fisheries","RKF:_1992+"
11, 2, 1, 30, ARITHMETIC, -5, 5, -0.822164904832, -5, 5, -0.822164904832, pDevsLnC, "param_init_bounded_dev_vector","fisheries","fisheries","RKF:_1992+"
12, 2, 1, 30, ARITHMETIC, -5, 5, -0.171983323895, -5, 5, -0.171983323895, pDevsLnC, "param_init_bounded_dev_vector","fisheries","fisheries","RKF:_1992+"
13, 2, 1, 30, ARITHMETIC, -5, 5, 0.2554699525, -5, 5, 0.2554699525, pDevsLnC, "param_init_bounded_dev_vector","fisheries","fisheries","RKF:_1992+"
14, 2, 1, 30, ARITHMETIC, -5, 5, -2.17325929494, -5, 5, -2.17325929494, pDevsLnC, "param_init_bounded_dev_vector","fisheries","fisheries","RKF:_1992+"
15, 2, 1, 30, ARITHMETIC, -5, 5, -2.64339916892, -5, 5, -2.64339916892, pDevsLnC, "param_init_bounded_dev_vector","fisheries","fisheries","RKF:_1992+"
16, 2, 1, 30, ARITHMETIC, -5, 5, -1.68792819241, -5, 5, -1.68792819241, pDevsLnC, "param_init_bounded_dev_vector","fisheries","fisheries","RKF:_1992+"
17, 2, 1, 30, ARITHMETIC, -5, 5, -1.41324756467, -5, 5, -1.41324756467, pDevsLnC, "param_init_bounded_dev_vector","fisheries","fisheries","RKF:_1992+"
18, 2, 1, 30, ARITHMETIC, -5, 5, -0.0694858894681, -5, 5, -0.0694858894681, pDevsLnC, "param_init_bounded_dev_vector","fisheries","fisheries","RKF:_1992+"
19, 2, 1, 30, ARITHMETIC, -5, 5, -1.31514521557, -5, 5, -1.31514521557, pDevsLnC, "param_init_bounded_dev_vector","fisheries","fisheries","RKF:_1992+"
20, 2, 1, 30, ARITHMETIC, -5, 5, -3.14587222772, -5, 5, -3.14587222772, pDevsLnC, "param_init_bounded_dev_vector","fisheries","fisheries","RKF:_1992+"
21, 2, 1, 30, ARITHMETIC, -5, 5, -0.655154285467, -5, 5, -0.655154285467, pDevsLnC, "param_init_bounded_dev_vector","fisheries","fisheries","RKF:_1992+"
22, 2, 1, 30, ARITHMETIC, -5, 5, 0.0111820677233, -5, 5, 0.0111820677233, pDevsLnC, "param_init_bounded_dev_vector","fisheries","fisheries","RKF:_1992+"
23, 2, 1, 30, ARITHMETIC, -5, 5, -0.818071101435, -5, 5, -0.818071101435, pDevsLnC, "param_init_bounded_dev_vector","fisheries","fisheries","RKF:_1992+"
24, 2, 1, 30, ARITHMETIC, -5, 5, 0.653296264856, -5, 5, 0.653296264856, pDevsLnC, "param_init_bounded_dev_vector","fisheries","fisheries","RKF:_1992+"
25, 2, 1, 30, ARITHMETIC, -5, 5, -0.642892979442, -5, 5, -0.642892979442, pDevsLnC, "param_init_bounded_dev_vector","fisheries","fisheries","RKF:_1992+"
26, 2, 1, 30, ARITHMETIC, -5, 5, 0.0540068179602, -5, 5, 0.0540068179602, pDevsLnC, "param_init_bounded_dev_vector","fisheries","fisheries","RKF:_1992+"
27, 2, 1, 30, ARITHMETIC, -5, 5, -1.3646254215, -5, 5, -1.3646254215, pDevsLnC, "param_init_bounded_dev_vector","fisheries","fisheries","RKF:_1992+"
28, 2, 1, 30, ARITHMETIC, -5, 5, -1.2494776138, -5, 5, -1.2494776138, pDevsLnC, "param_init_bounded_dev_vector","fisheries","fisheries","RKF:_1992+"
29, 2, 1, 30, ARITHMETIC, -5, 5, -3.75068208638, -5, 5, -3.75068208638, pDevsLnC, "param_init_bounded_dev_vector","fisheries","fisheries","RKF:_1992+"
30, 2, 1, 30, ARITHMETIC, -5, 5, -0.893928626771, -5, 5, -0.893928626771, pDevsLnC, "param_init_bounded_dev_vector","fisheries","fisheries","RKF:_1992+"
1, 5, 1, 1, LOG, 0.01, 1.1, 0.466867232543, -4.60517018599, 0.0953101798043, -0.761710360357, pQ[1], "param_init_bounded_number","surveys","surveys","NMFS_trawl_survey:_males,_1975-1981"
1, 5, 1, 1, LOG, 0.01, 1.1, 0.58556088713, -4.60517018599, 0.0953101798043, -0.535185109669, pQ[2], "param_init_bounded_number","surveys","surveys","NMFS_trawl_survey:_males,_1982+"
1, 5, 1, 1, LOG, 0.01, 1.1, 0.441933801158, -4.60517018599, 0.0953101798043, -0.816595179257, pQ[3], "param_init_bounded_number","surveys","surveys","NMFS_trawl_survey:_females,_1975-1981"
1, 5, 1, 1, LOG, 0.01, 1.1, 0.11599003017, -4.60517018599, 0.0953101798043, -2.15425103838, pQ[4], "param_init_bounded_number","surveys","surveys","NMFS_trawl_survey:_females,_1982+"
