"case","category","fleet","catch.type","data.type","fit.type","nll.type","y","x","m","s","rmse","wgt","nll","objfun"
"","surveys data","NMFS M","index catch","abundance","BY_X","lognormal","all","male","all maturity states","all shell conditions",3.43983423561,0,193.021745086,0
"","surveys data","NMFS M","index catch","abundance","BY_X","lognormal","all","female","all maturity states","all shell conditions",0,0,0,0
"","surveys data","NMFS M","index catch","biomass","BY_X","lognormal","all","male","all maturity states","all shell conditions",2.71213068385,1,84.5061468515,84.5061468515
"","surveys data","NMFS M","index catch","biomass","BY_X","lognormal","all","female","all maturity states","all shell conditions",0,1,0,0
"","surveys data","NMFS M","index catch","n.at.z","BY_X","multinomial","1975","male","all maturity states","all shell conditions",67.0911467497,1,18.8759816236,18.8759816236
"","surveys data","NMFS M","index catch","n.at.z","BY_X","multinomial","1976","male","all maturity states","all shell conditions",159.709628309,1,9.81748035815,9.81748035815
"","surveys data","NMFS M","index catch","n.at.z","BY_X","multinomial","1977","male","all maturity states","all shell conditions",34.3011635254,1,23.7975807243,23.7975807243
"","surveys data","NMFS M","index catch","n.at.z","BY_X","multinomial","1978","male","all maturity states","all shell conditions",125.195168085,1,11.5649048513,11.5649048513
"","surveys data","NMFS M","index catch","n.at.z","BY_X","multinomial","1979","male","all maturity states","all shell conditions",79.3369620174,1,11.4831338031,11.4831338031
"","surveys data","NMFS M","index catch","n.at.z","BY_X","multinomial","1980","male","all maturity states","all shell conditions",39.855434134,1,27.4439195818,27.4439195818
"","surveys data","NMFS M","index catch","n.at.z","BY_X","multinomial","1981","male","all maturity states","all shell conditions",76.6932914792,1,13.4110615728,13.4110615728
"","surveys data","NMFS M","index catch","n.at.z","BY_X","multinomial","1982","male","all maturity states","all shell conditions",51.7230729683,1,16.4558395595,16.4558395595
"","surveys data","NMFS M","index catch","n.at.z","BY_X","multinomial","1983","male","all maturity states","all shell conditions",96.861413245,1,7.30168618934,7.30168618934
"","surveys data","NMFS M","index catch","n.at.z","BY_X","multinomial","1984","male","all maturity states","all shell conditions",84.9429612553,1,8.05133458752,8.05133458752
"","surveys data","NMFS M","index catch","n.at.z","BY_X","multinomial","1985","male","all maturity states","all shell conditions",39.661542154,1,18.9034182924,18.9034182924
"","surveys data","NMFS M","index catch","n.at.z","BY_X","multinomial","1986","male","all maturity states","all shell conditions",85.4920398561,1,12.2386921067,12.2386921067
"","surveys data","NMFS M","index catch","n.at.z","BY_X","multinomial","1987","male","all maturity states","all shell conditions",58.9623164695,1,14.6926671786,14.6926671786
"","surveys data","NMFS M","index catch","n.at.z","BY_X","multinomial","1988","male","all maturity states","all shell conditions",190.141771931,1,5.16488544674,5.16488544674
"","surveys data","NMFS M","index catch","n.at.z","BY_X","multinomial","1989","male","all maturity states","all shell conditions",180.748376157,1,6.66053414942,6.66053414942
"","surveys data","NMFS M","index catch","n.at.z","BY_X","multinomial","1990","male","all maturity states","all shell conditions",320.067927078,1,3.52369980483,3.52369980483
"","surveys data","NMFS M","index catch","n.at.z","BY_X","multinomial","1991","male","all maturity states","all shell conditions",248.049293957,1,6.10983145644,6.10983145644
"","surveys data","NMFS M","index catch","n.at.z","BY_X","multinomial","1992","male","all maturity states","all shell conditions",162.960283386,1,6.94095205481,6.94095205481
"","surveys data","NMFS M","index catch","n.at.z","BY_X","multinomial","1993","male","all maturity states","all shell conditions",180.83508256,1,6.77790269868,6.77790269868
"","surveys data","NMFS M","index catch","n.at.z","BY_X","multinomial","1994","male","all maturity states","all shell conditions",120.528639079,1,11.0323303447,11.0323303447
"","surveys data","NMFS M","index catch","n.at.z","BY_X","multinomial","1995","male","all maturity states","all shell conditions",138.422980771,1,8.7813763306,8.7813763306
"","surveys data","NMFS M","index catch","n.at.z","BY_X","multinomial","1996","male","all maturity states","all shell conditions",154.880727354,1,7.39566269249,7.39566269249
"","surveys data","NMFS M","index catch","n.at.z","BY_X","multinomial","1997","male","all maturity states","all shell conditions",278.793240012,1,3.30567163056,3.30567163056
"","surveys data","NMFS M","index catch","n.at.z","BY_X","multinomial","1998","male","all maturity states","all shell conditions",156.874305715,1,4.51202204217,4.51202204217
"","surveys data","NMFS M","index catch","n.at.z","BY_X","multinomial","1999","male","all maturity states","all shell conditions",108.199675174,1,8.04130365615,8.04130365615
"","surveys data","NMFS M","index catch","n.at.z","BY_X","multinomial","2000","male","all maturity states","all shell conditions",184.27063269,1,3.73707514639,3.73707514639
"","surveys data","NMFS M","index catch","n.at.z","BY_X","multinomial","2001","male","all maturity states","all shell conditions",125.417240794,1,7.14250853723,7.14250853723
"","surveys data","NMFS M","index catch","n.at.z","BY_X","multinomial","2002","male","all maturity states","all shell conditions",87.7177777664,1,7.9098541424,7.9098541424
"","surveys data","NMFS M","index catch","n.at.z","BY_X","multinomial","2003","male","all maturity states","all shell conditions",82.8567288922,1,8.50601042554,8.50601042554
"","surveys data","NMFS M","index catch","n.at.z","BY_X","multinomial","2004","male","all maturity states","all shell conditions",182.818382803,1,4.33410497294,4.33410497294
"","surveys data","NMFS M","index catch","n.at.z","BY_X","multinomial","2005","male","all maturity states","all shell conditions",183.836518173,1,5.33665335977,5.33665335977
"","surveys data","NMFS M","index catch","n.at.z","BY_X","multinomial","2006","male","all maturity states","all shell conditions",114.686099275,1,7.67560001074,7.67560001074
"","surveys data","NMFS M","index catch","n.at.z","BY_X","multinomial","2007","male","all maturity states","all shell conditions",88.6436754366,1,10.0692054527,10.0692054527
"","surveys data","NMFS M","index catch","n.at.z","BY_X","multinomial","2008","male","all maturity states","all shell conditions",133.599372353,1,6.2025648411,6.2025648411
"","surveys data","NMFS M","index catch","n.at.z","BY_X","multinomial","2009","male","all maturity states","all shell conditions",69.9271262994,1,13.3296236889,13.3296236889
"","surveys data","NMFS M","index catch","n.at.z","BY_X","multinomial","2010","male","all maturity states","all shell conditions",180.494796808,1,4.70638637083,4.70638637083
"","surveys data","NMFS M","index catch","n.at.z","BY_X","multinomial","2011","male","all maturity states","all shell conditions",139.447055809,1,5.86904529979,5.86904529979
"","surveys data","NMFS M","index catch","n.at.z","BY_X","multinomial","2012","male","all maturity states","all shell conditions",70.2614683133,1,8.4312055741,8.4312055741
"","surveys data","NMFS M","index catch","n.at.z","BY_X","multinomial","2013","male","all maturity states","all shell conditions",102.679288477,1,6.50265272826,6.50265272826
"","surveys data","NMFS M","index catch","n.at.z","BY_X","multinomial","2014","male","all maturity states","all shell conditions",117.157076243,1,9.21029716152,9.21029716152
"","surveys data","NMFS M","index catch","n.at.z","BY_X","multinomial","2015","male","all maturity states","all shell conditions",166.818651574,1,5.68131912851,5.68131912851
"","surveys data","NMFS M","index catch","n.at.z","BY_X","multinomial","2016","male","all maturity states","all shell conditions",133.436209377,1,6.69045608043,6.69045608043
"","surveys data","NMFS M","index catch","n.at.z","BY_X","multinomial","2017","male","all maturity states","all shell conditions",134.573792654,1,8.06275120369,8.06275120369
"","surveys data","NMFS M","index catch","n.at.z","BY_X","multinomial","2018","male","all maturity states","all shell conditions",116.475363604,1,5.40502414098,5.40502414098
"","surveys data","NMFS M","index catch","n.at.z","BY_X","multinomial","2019","male","all maturity states","all shell conditions",136.922168819,1,4.35740344994,4.35740344994
"","surveys data","NMFS M","index catch","n.at.z","BY_X","multinomial","2021","male","all maturity states","all shell conditions",120.499520355,1,5.63633750943,5.63633750943
"","surveys data","NMFS M","index catch","n.at.z","BY_X","multinomial","2022","male","all maturity states","all shell conditions",179.065062559,1,4.12478129721,4.12478129721
"","surveys data","NMFS M","index catch","n.at.z","BY_X","multinomial","2023","male","all maturity states","all shell conditions",143.266129021,1,3.292702402,3.292702402
"","surveys data","NMFS M","index catch","n.at.z","BY_X","multinomial","2024","male","all maturity states","all shell conditions",85.4785336851,1,8.57010463605,8.57010463605
"","surveys data","NMFS F","index catch","abundance","BY_XM","lognormal","all","male","immature","all shell conditions",0,0,0,0
"","surveys data","NMFS F","index catch","abundance","BY_XM","lognormal","all","male","mature","all shell conditions",0,0,0,0
"","surveys data","NMFS F","index catch","abundance","BY_XM","lognormal","all","female","immature","all shell conditions",3.09693054839,0,156.435474193,0
"","surveys data","NMFS F","index catch","abundance","BY_XM","lognormal","all","female","mature","all shell conditions",2.50710744811,0,78.2294074155,0
"","surveys data","NMFS F","index catch","biomass","BY_XM","lognormal","all","male","immature","all shell conditions",0,1,0,0
"","surveys data","NMFS F","index catch","biomass","BY_XM","lognormal","all","male","mature","all shell conditions",0,1,0,0
"","surveys data","NMFS F","index catch","biomass","BY_XM","lognormal","all","female","immature","all shell conditions",2.80296484436,1,114.345084796,114.345084796
"","surveys data","NMFS F","index catch","biomass","BY_XM","lognormal","all","female","mature","all shell conditions",2.35001097296,1,58.4797744179,58.4797744179
"","surveys data","NMFS F","index catch","n.at.z","BY_XM","multinomial","1975","female","immature","all shell conditions",5.8413283048,1,6.20903815292,6.20903815292
"","surveys data","NMFS F","index catch","n.at.z","BY_XM","multinomial","1975","female","mature","all shell conditions",30.3158864142,1,4.85729458404,4.85729458404
"","surveys data","NMFS F","index catch","n.at.z","BY_XM","multinomial","1976","female","immature","all shell conditions",59.397975859,1,2.38769276698,2.38769276698
"","surveys data","NMFS F","index catch","n.at.z","BY_XM","multinomial","1976","female","mature","all shell conditions",42.2847638374,1,3.32780461078,3.32780461078
"","surveys data","NMFS F","index catch","n.at.z","BY_XM","multinomial","1977","female","immature","all shell conditions",28.3238464248,1,3.10531238949,3.10531238949
"","surveys data","NMFS F","index catch","n.at.z","BY_XM","multinomial","1977","female","mature","all shell conditions",57.1232596031,1,3.29204188821,3.29204188821
"","surveys data","NMFS F","index catch","n.at.z","BY_XM","multinomial","1978","female","immature","all shell conditions",21.4636270009,1,6.15141595811,6.15141595811
"","surveys data","NMFS F","index catch","n.at.z","BY_XM","multinomial","1978","female","mature","all shell conditions",105.130415805,1,1.15296766275,1.15296766275
"","surveys data","NMFS F","index catch","n.at.z","BY_XM","multinomial","1979","female","immature","all shell conditions",76.5150525197,1,1.25017142246,1.25017142246
"","surveys data","NMFS F","index catch","n.at.z","BY_XM","multinomial","1979","female","mature","all shell conditions",73.7876689564,1,1.86869402788,1.86869402788
"","surveys data","NMFS F","index catch","n.at.z","BY_XM","multinomial","1980","female","immature","all shell conditions",74.1730193285,1,1.29931456749,1.29931456749
"","surveys data","NMFS F","index catch","n.at.z","BY_XM","multinomial","1980","female","mature","all shell conditions",19.6231764751,1,5.07475993143,5.07475993143
"","surveys data","NMFS F","index catch","n.at.z","BY_XM","multinomial","1981","female","immature","all shell conditions",28.2330355183,1,2.03643460648,2.03643460648
"","surveys data","NMFS F","index catch","n.at.z","BY_XM","multinomial","1981","female","mature","all shell conditions",16.1569944182,1,10.4352078098,10.4352078098
"","surveys data","NMFS F","index catch","n.at.z","BY_XM","multinomial","1982","female","immature","all shell conditions",45.9033500596,1,3.5593385448,3.5593385448
"","surveys data","NMFS F","index catch","n.at.z","BY_XM","multinomial","1982","female","mature","all shell conditions",11.7097284827,1,11.9717357246,11.9717357246
"","surveys data","NMFS F","index catch","n.at.z","BY_XM","multinomial","1983","female","immature","all shell conditions",39.6999717105,1,3.2983879178,3.2983879178
"","surveys data","NMFS F","index catch","n.at.z","BY_XM","multinomial","1983","female","mature","all shell conditions",67.4760433193,1,2.80740774318,2.80740774318
"","surveys data","NMFS F","index catch","n.at.z","BY_XM","multinomial","1984","female","immature","all shell conditions",33.0083808508,1,3.90659371404,3.90659371404
"","surveys data","NMFS F","index catch","n.at.z","BY_XM","multinomial","1984","female","mature","all shell conditions",486.409163059,1,0.388076928646,0.388076928646
"","surveys data","NMFS F","index catch","n.at.z","BY_XM","multinomial","1985","female","immature","all shell conditions",125.099494236,1,2.40121660618,2.40121660618
"","surveys data","NMFS F","index catch","n.at.z","BY_XM","multinomial","1985","female","mature","all shell conditions",111.620482688,1,2.48212371822,2.48212371822
"","surveys data","NMFS F","index catch","n.at.z","BY_XM","multinomial","1986","female","immature","all shell conditions",88.6062550848,1,4.38890195015,4.38890195015
"","surveys data","NMFS F","index catch","n.at.z","BY_XM","multinomial","1986","female","mature","all shell conditions",10.9854494313,1,5.01828774065,5.01828774065
"","surveys data","NMFS F","index catch","n.at.z","BY_XM","multinomial","1987","female","immature","all shell conditions",17.4279320605,1,32.9997124233,32.9997124233
"","surveys data","NMFS F","index catch","n.at.z","BY_XM","multinomial","1987","female","mature","all shell conditions",17.5609249631,1,2.52867237379,2.52867237379
"","surveys data","NMFS F","index catch","n.at.z","BY_XM","multinomial","1988","female","immature","all shell conditions",96.0854875246,1,3.58966513769,3.58966513769
"","surveys data","NMFS F","index catch","n.at.z","BY_XM","multinomial","1988","female","mature","all shell conditions",12.0389783576,1,9.02289531243,9.02289531243
"","surveys data","NMFS F","index catch","n.at.z","BY_XM","multinomial","1989","female","immature","all shell conditions",42.8637214202,1,4.06381550712,4.06381550712
"","surveys data","NMFS F","index catch","n.at.z","BY_XM","multinomial","1989","female","mature","all shell conditions",21.7561493096,1,3.83693139986,3.83693139986
"","surveys data","NMFS F","index catch","n.at.z","BY_XM","multinomial","1990","female","immature","all shell conditions",52.8658542725,1,3.25746961915,3.25746961915
"","surveys data","NMFS F","index catch","n.at.z","BY_XM","multinomial","1990","female","mature","all shell conditions",65.4535995344,1,1.61334131568,1.61334131568
"","surveys data","NMFS F","index catch","n.at.z","BY_XM","multinomial","1991","female","immature","all shell conditions",20.2974167578,1,6.12872499915,6.12872499915
"","surveys data","NMFS F","index catch","n.at.z","BY_XM","multinomial","1991","female","mature","all shell conditions",232.913615058,1,0.873167551943,0.873167551943
"","surveys data","NMFS F","index catch","n.at.z","BY_XM","multinomial","1992","female","immature","all shell conditions",23.7961404693,1,5.09830917828,5.09830917828
"","surveys data","NMFS F","index catch","n.at.z","BY_XM","multinomial","1992","female","mature","all shell conditions",275.326925516,1,0.462443129248,0.462443129248
"","surveys data","NMFS F","index catch","n.at.z","BY_XM","multinomial","1993","female","immature","all shell conditions",25.6358888603,1,2.76855947924,2.76855947924
"","surveys data","NMFS F","index catch","n.at.z","BY_XM","multinomial","1993","female","mature","all shell conditions",249.121651617,1,0.42483184821,0.42483184821
"","surveys data","NMFS F","index catch","n.at.z","BY_XM","multinomial","1994","female","immature","all shell conditions",17.5884156171,1,5.22417721301,5.22417721301
"","surveys data","NMFS F","index catch","n.at.z","BY_XM","multinomial","1994","female","mature","all shell conditions",274.002232586,1,0.466624159105,0.466624159105
"","surveys data","NMFS F","index catch","n.at.z","BY_XM","multinomial","1995","female","immature","all shell conditions",110.741585471,1,2.10455049176,2.10455049176
"","surveys data","NMFS F","index catch","n.at.z","BY_XM","multinomial","1995","female","mature","all shell conditions",273.663498819,1,0.45108096589,0.45108096589
"","surveys data","NMFS F","index catch","n.at.z","BY_XM","multinomial","1996","female","immature","all shell conditions",77.1230813628,1,3.62446059072,3.62446059072
"","surveys data","NMFS F","index catch","n.at.z","BY_XM","multinomial","1996","female","mature","all shell conditions",120.366730716,1,0.922134143699,0.922134143699
"","surveys data","NMFS F","index catch","n.at.z","BY_XM","multinomial","1997","female","immature","all shell conditions",57.7492983958,1,3.77784289041,3.77784289041
"","surveys data","NMFS F","index catch","n.at.z","BY_XM","multinomial","1997","female","mature","all shell conditions",146.947435885,1,0.507509901295,0.507509901295
"","surveys data","NMFS F","index catch","n.at.z","BY_XM","multinomial","1998","female","immature","all shell conditions",424.452102988,1,0.825379529842,0.825379529842
"","surveys data","NMFS F","index catch","n.at.z","BY_XM","multinomial","1998","female","mature","all shell conditions",72.3823554499,1,0.621157473657,0.621157473657
"","surveys data","NMFS F","index catch","n.at.z","BY_XM","multinomial","1999","female","immature","all shell conditions",61.4475678871,1,5.29256223973,5.29256223973
"","surveys data","NMFS F","index catch","n.at.z","BY_XM","multinomial","1999","female","mature","all shell conditions",53.9565865741,1,1.17362909459,1.17362909459
"","surveys data","NMFS F","index catch","n.at.z","BY_XM","multinomial","2000","female","immature","all shell conditions",95.3712309531,1,1.90518458703,1.90518458703
"","surveys data","NMFS F","index catch","n.at.z","BY_XM","multinomial","2000","female","mature","all shell conditions",19.4588583596,1,2.14112122197,2.14112122197
"","surveys data","NMFS F","index catch","n.at.z","BY_XM","multinomial","2001","female","immature","all shell conditions",140.45589232,1,2.33409064311,2.33409064311
"","surveys data","NMFS F","index catch","n.at.z","BY_XM","multinomial","2001","female","mature","all shell conditions",102.62467006,1,0.649875889491,0.649875889491
"","surveys data","NMFS F","index catch","n.at.z","BY_XM","multinomial","2002","female","immature","all shell conditions",47.7876282426,1,5.40280170143,5.40280170143
"","surveys data","NMFS F","index catch","n.at.z","BY_XM","multinomial","2002","female","mature","all shell conditions",210.310936485,1,0.307511809602,0.307511809602
"","surveys data","NMFS F","index catch","n.at.z","BY_XM","multinomial","2003","female","immature","all shell conditions",58.0138995523,1,3.83164396924,3.83164396924
"","surveys data","NMFS F","index catch","n.at.z","BY_XM","multinomial","2003","female","mature","all shell conditions",74.2439672367,1,1.61475917873,1.61475917873
"","surveys data","NMFS F","index catch","n.at.z","BY_XM","multinomial","2004","female","immature","all shell conditions",30.9260113857,1,6.13705831489,6.13705831489
"","surveys data","NMFS F","index catch","n.at.z","BY_XM","multinomial","2004","female","mature","all shell conditions",107.852615849,1,0.713404995197,0.713404995197
"","surveys data","NMFS F","index catch","n.at.z","BY_XM","multinomial","2005","female","immature","all shell conditions",177.721924182,1,1.36948243382,1.36948243382
"","surveys data","NMFS F","index catch","n.at.z","BY_XM","multinomial","2005","female","mature","all shell conditions",336.909933399,1,0.297090897186,0.297090897186
"","surveys data","NMFS F","index catch","n.at.z","BY_XM","multinomial","2006","female","immature","all shell conditions",68.9447826331,1,3.28003859832,3.28003859832
"","surveys data","NMFS F","index catch","n.at.z","BY_XM","multinomial","2006","female","mature","all shell conditions",250.62559742,1,0.419330073604,0.419330073604
"","surveys data","NMFS F","index catch","n.at.z","BY_XM","multinomial","2007","female","immature","all shell conditions",84.420060347,1,1.86547701757,1.86547701757
"","surveys data","NMFS F","index catch","n.at.z","BY_XM","multinomial","2007","female","mature","all shell conditions",296.549051006,1,0.393697007154,0.393697007154
"","surveys data","NMFS F","index catch","n.at.z","BY_XM","multinomial","2008","female","immature","all shell conditions",164.62906298,1,0.949835658131,0.949835658131
"","surveys data","NMFS F","index catch","n.at.z","BY_XM","multinomial","2008","female","mature","all shell conditions",215.935192525,1,0.625271281847,0.625271281847
"","surveys data","NMFS F","index catch","n.at.z","BY_XM","multinomial","2009","female","immature","all shell conditions",37.4852850806,1,6.02708765461,6.02708765461
"","surveys data","NMFS F","index catch","n.at.z","BY_XM","multinomial","2009","female","mature","all shell conditions",357.718881427,1,0.232457471452,0.232457471452
"","surveys data","NMFS F","index catch","n.at.z","BY_XM","multinomial","2010","female","immature","all shell conditions",69.4192440463,1,3.59810258151,3.59810258151
"","surveys data","NMFS F","index catch","n.at.z","BY_XM","multinomial","2010","female","mature","all shell conditions",432.317012254,1,0.236152808595,0.236152808595
"","surveys data","NMFS F","index catch","n.at.z","BY_XM","multinomial","2011","female","immature","all shell conditions",52.7894338693,1,6.26442856177,6.26442856177
"","surveys data","NMFS F","index catch","n.at.z","BY_XM","multinomial","2011","female","mature","all shell conditions",66.0638650919,1,0.469946134145,0.469946134145
"","surveys data","NMFS F","index catch","n.at.z","BY_XM","multinomial","2012","female","immature","all shell conditions",82.4938811967,1,3.65395246437,3.65395246437
"","surveys data","NMFS F","index catch","n.at.z","BY_XM","multinomial","2012","female","mature","all shell conditions",30.641050323,1,1.49810170859,1.49810170859
"","surveys data","NMFS F","index catch","n.at.z","BY_XM","multinomial","2013","female","immature","all shell conditions",96.4922875192,1,2.44953107873,2.44953107873
"","surveys data","NMFS F","index catch","n.at.z","BY_XM","multinomial","2013","female","mature","all shell conditions",171.104048529,1,0.779424975611,0.779424975611
"","surveys data","NMFS F","index catch","n.at.z","BY_XM","multinomial","2014","female","immature","all shell conditions",7.63797674629,1,13.1464240076,13.1464240076
"","surveys data","NMFS F","index catch","n.at.z","BY_XM","multinomial","2014","female","mature","all shell conditions",77.3981696433,1,0.746305372252,0.746305372252
"","surveys data","NMFS F","index catch","n.at.z","BY_XM","multinomial","2015","female","immature","all shell conditions",41.499811221,1,3.42944302486,3.42944302486
"","surveys data","NMFS F","index catch","n.at.z","BY_XM","multinomial","2015","female","mature","all shell conditions",45.4002491007,1,2.27249871108,2.27249871108
"","surveys data","NMFS F","index catch","n.at.z","BY_XM","multinomial","2016","female","immature","all shell conditions",27.9614367517,1,3.26699529921,3.26699529921
"","surveys data","NMFS F","index catch","n.at.z","BY_XM","multinomial","2016","female","mature","all shell conditions",35.8890956387,1,2.6551855543,2.6551855543
"","surveys data","NMFS F","index catch","n.at.z","BY_XM","multinomial","2017","female","immature","all shell conditions",22.9043778408,1,4.43863040507,4.43863040507
"","surveys data","NMFS F","index catch","n.at.z","BY_XM","multinomial","2017","female","mature","all shell conditions",55.8387703586,1,1.39455420069,1.39455420069
"","surveys data","NMFS F","index catch","n.at.z","BY_XM","multinomial","2018","female","immature","all shell conditions",74.0247827597,1,2.10989189295,2.10989189295
"","surveys data","NMFS F","index catch","n.at.z","BY_XM","multinomial","2018","female","mature","all shell conditions",23.5768401309,1,1.46385030839,1.46385030839
"","surveys data","NMFS F","index catch","n.at.z","BY_XM","multinomial","2019","female","immature","all shell conditions",56.9353934532,1,3.99700022642,3.99700022642
"","surveys data","NMFS F","index catch","n.at.z","BY_XM","multinomial","2019","female","mature","all shell conditions",15.1412342282,1,3.72618859247,3.72618859247
"","surveys data","NMFS F","index catch","n.at.z","BY_XM","multinomial","2021","female","immature","all shell conditions",69.9368171768,1,2.48201250797,2.48201250797
"","surveys data","NMFS F","index catch","n.at.z","BY_XM","multinomial","2021","female","mature","all shell conditions",155.436637161,1,0.801299269327,0.801299269327
"","surveys data","NMFS F","index catch","n.at.z","BY_XM","multinomial","2022","female","immature","all shell conditions",94.8515195394,1,1.42995831689,1.42995831689
"","surveys data","NMFS F","index catch","n.at.z","BY_XM","multinomial","2022","female","mature","all shell conditions",260.08790431,1,0.333415818048,0.333415818048
"","surveys data","NMFS F","index catch","n.at.z","BY_XM","multinomial","2023","female","immature","all shell conditions",226.913976102,1,1.09245393488,1.09245393488
"","surveys data","NMFS F","index catch","n.at.z","BY_XM","multinomial","2023","female","mature","all shell conditions",77.3288796494,1,0.432779413725,0.432779413725
"","surveys data","NMFS F","index catch","n.at.z","BY_XM","multinomial","2024","female","immature","all shell conditions",74.5980404826,1,5.05761382602,5.05761382602
"","surveys data","NMFS F","index catch","n.at.z","BY_XM","multinomial","2024","female","mature","all shell conditions",39.1026667631,1,1.72284861252,1.72284861252
"","surveys data","SBS NMFS M","index catch","abundance","BY_X","lognormal","all","male","all maturity states","all shell conditions",49.2973522791,0,7281.22948535,0
"","surveys data","SBS NMFS M","index catch","abundance","BY_X","lognormal","all","female","all maturity states","all shell conditions",0,0,0,0
"","surveys data","SBS NMFS M","index catch","biomass","BY_X","lognormal","all","male","all maturity states","all shell conditions",47.0115753326,0,6620.63559003,0
"","surveys data","SBS NMFS M","index catch","biomass","BY_X","lognormal","all","female","all maturity states","all shell conditions",0,0,0,0
"","surveys data","SBS NMFS M","index catch","n.at.z","BY_X","multinomial","2013","male","all maturity states","all shell conditions",37.1302916572,0,16.7849070641,0
"","surveys data","SBS NMFS M","index catch","n.at.z","BY_X","multinomial","2014","male","all maturity states","all shell conditions",54.4148011174,0,13.0078519796,0
"","surveys data","SBS NMFS M","index catch","n.at.z","BY_X","multinomial","2015","male","all maturity states","all shell conditions",94.3119421787,0,9.76710853555,0
"","surveys data","SBS NMFS M","index catch","n.at.z","BY_X","multinomial","2016","male","all maturity states","all shell conditions",94.3743947643,0,7.85044451507,0
"","surveys data","SBS NMFS M","index catch","n.at.z","BY_X","multinomial","2017","male","all maturity states","all shell conditions",162.542000723,0,7.61380337613,0
"","surveys data","SBS NMFS F","index catch","abundance","BY_XM","lognormal","all","male","immature","all shell conditions",0,0,0,0
"","surveys data","SBS NMFS F","index catch","abundance","BY_XM","lognormal","all","male","mature","all shell conditions",0,0,0,0
"","surveys data","SBS NMFS F","index catch","abundance","BY_XM","lognormal","all","female","immature","all shell conditions",34.2175799816,0,3506.36819544,0
"","surveys data","SBS NMFS F","index catch","abundance","BY_XM","lognormal","all","female","mature","all shell conditions",28.4758067894,0,2426.38906739,0
"","surveys data","SBS NMFS F","index catch","biomass","BY_XM","lognormal","all","male","immature","all shell conditions",0,0,0,0
"","surveys data","SBS NMFS F","index catch","biomass","BY_XM","lognormal","all","male","mature","all shell conditions",0,0,0,0
"","surveys data","SBS NMFS F","index catch","biomass","BY_XM","lognormal","all","female","immature","all shell conditions",26.6348328688,0,2121.63419727,0
"","surveys data","SBS NMFS F","index catch","biomass","BY_XM","lognormal","all","female","mature","all shell conditions",25.1641145145,0,1893.17577825,0
"","surveys data","SBS NMFS F","index catch","n.at.z","BY_XM","multinomial","2013","female","immature","all shell conditions",54.8861870496,0,1.03066735883,0
"","surveys data","SBS NMFS F","index catch","n.at.z","BY_XM","multinomial","2013","female","mature","all shell conditions",102.834483619,0,1.1466451502,0
"","surveys data","SBS NMFS F","index catch","n.at.z","BY_XM","multinomial","2014","female","immature","all shell conditions",21.4578210716,0,1.40198111971,0
"","surveys data","SBS NMFS F","index catch","n.at.z","BY_XM","multinomial","2014","female","mature","all shell conditions",211.577406632,0,0.221775384188,0
"","surveys data","SBS NMFS F","index catch","n.at.z","BY_XM","multinomial","2015","female","immature","all shell conditions",28.8672733457,0,3.0508671447,0
"","surveys data","SBS NMFS F","index catch","n.at.z","BY_XM","multinomial","2015","female","mature","all shell conditions",34.5805110229,0,1.64564775945,0
"","surveys data","SBS NMFS F","index catch","n.at.z","BY_XM","multinomial","2016","female","immature","all shell conditions",21.5877139811,0,1.78850460215,0
"","surveys data","SBS NMFS F","index catch","n.at.z","BY_XM","multinomial","2016","female","mature","all shell conditions",17.2826008296,0,3.78834620536,0
"","surveys data","SBS NMFS F","index catch","n.at.z","BY_XM","multinomial","2017","female","immature","all shell conditions",20.6703971258,0,4.95842028593,0
"","surveys data","SBS NMFS F","index catch","n.at.z","BY_XM","multinomial","2017","female","mature","all shell conditions",58.5682399995,0,1.38685789285,0
"","surveys data","SBS BSFRF M","index catch","abundance","BY_X","lognormal","all","male","all maturity states","all shell conditions",1.38073821923,0,-3.44208855028,0
"","surveys data","SBS BSFRF M","index catch","abundance","BY_X","lognormal","all","female","all maturity states","all shell conditions",0,0,0,0
"","surveys data","SBS BSFRF M","index catch","biomass","BY_X","lognormal","all","male","all maturity states","all shell conditions",1.42477319543,1,-2.86097287341,-2.86097287341
"","surveys data","SBS BSFRF M","index catch","biomass","BY_X","lognormal","all","female","all maturity states","all shell conditions",0,1,0,0
"","surveys data","SBS BSFRF M","index catch","n.at.z","BY_X","DirichletMultinomial","2013","male","all maturity states","all shell conditions",28.314801862,1,61.4844384135,61.4844384135
"","surveys data","SBS BSFRF M","index catch","n.at.z","BY_X","DirichletMultinomial","2014","male","all maturity states","all shell conditions",165.066164426,1,42.3460799303,42.3460799303
"","surveys data","SBS BSFRF M","index catch","n.at.z","BY_X","DirichletMultinomial","2015","male","all maturity states","all shell conditions",61.4584657464,1,50.4041928921,50.4041928921
"","surveys data","SBS BSFRF M","index catch","n.at.z","BY_X","DirichletMultinomial","2016","male","all maturity states","all shell conditions",143.596350611,1,42.2921767474,42.2921767474
"","surveys data","SBS BSFRF M","index catch","n.at.z","BY_X","DirichletMultinomial","2017","male","all maturity states","all shell conditions",28.2275029397,1,41.6160546861,41.6160546861
"","surveys data","SBS BSFRF M","index catch","n.at.z","BY_X","DirichletMultinomial","2018","male","all maturity states","all shell conditions",54.2934413414,1,34.0467738958,34.0467738958
"","surveys data","SBS BSFRF F","index catch","abundance","BY_XM","lognormal","all","male","immature","all shell conditions",0,0,0,0
"","surveys data","SBS BSFRF F","index catch","abundance","BY_XM","lognormal","all","male","mature","all shell conditions",0,0,0,0
"","surveys data","SBS BSFRF F","index catch","abundance","BY_XM","lognormal","all","female","immature","all shell conditions",1.3193183572,0,-2.21525910117,0
"","surveys data","SBS BSFRF F","index catch","abundance","BY_XM","lognormal","all","female","mature","all shell conditions",1.69718178284,0,2.05992988643,0
"","surveys data","SBS BSFRF F","index catch","biomass","BY_XM","lognormal","all","male","immature","all shell conditions",0,1,0,0
"","surveys data","SBS BSFRF F","index catch","biomass","BY_XM","lognormal","all","male","mature","all shell conditions",0,1,0,0
"","surveys data","SBS BSFRF F","index catch","biomass","BY_XM","lognormal","all","female","immature","all shell conditions",1.25289542888,1,-2.6868235889,-2.6868235889
"","surveys data","SBS BSFRF F","index catch","biomass","BY_XM","lognormal","all","female","mature","all shell conditions",1.92257379934,1,4.36030862963,4.36030862963
"","surveys data","SBS BSFRF F","index catch","n.at.z","BY_XM","DirichletMultinomial","2013","female","immature","all shell conditions",14.3948518304,1,26.111919207,26.111919207
"","surveys data","SBS BSFRF F","index catch","n.at.z","BY_XM","DirichletMultinomial","2013","female","mature","all shell conditions",39.142201077,1,11.8617241803,11.8617241803
"","surveys data","SBS BSFRF F","index catch","n.at.z","BY_XM","DirichletMultinomial","2014","female","immature","all shell conditions",23.7942700528,1,10.1055918075,10.1055918075
"","surveys data","SBS BSFRF F","index catch","n.at.z","BY_XM","DirichletMultinomial","2014","female","mature","all shell conditions",50.8025656868,1,9.64449807447,9.64449807447
"","surveys data","SBS BSFRF F","index catch","n.at.z","BY_XM","DirichletMultinomial","2015","female","immature","all shell conditions",12.7987971293,1,13.6497726303,13.6497726303
"","surveys data","SBS BSFRF F","index catch","n.at.z","BY_XM","DirichletMultinomial","2015","female","mature","all shell conditions",71.6968011297,1,11.6513728798,11.6513728798
"","surveys data","SBS BSFRF F","index catch","n.at.z","BY_XM","DirichletMultinomial","2016","female","immature","all shell conditions",13.7341781408,1,21.6324991775,21.6324991775
"","surveys data","SBS BSFRF F","index catch","n.at.z","BY_XM","DirichletMultinomial","2016","female","mature","all shell conditions",58.4293770214,1,12.3400043691,12.3400043691
"","surveys data","SBS BSFRF F","index catch","n.at.z","BY_XM","DirichletMultinomial","2017","female","immature","all shell conditions",19.6316957346,1,18.9795418476,18.9795418476
"","surveys data","SBS BSFRF F","index catch","n.at.z","BY_XM","DirichletMultinomial","2017","female","mature","all shell conditions",78.5454585564,1,8.17957814425,8.17957814425
"","surveys data","SBS BSFRF F","index catch","n.at.z","BY_XM","DirichletMultinomial","2018","female","immature","all shell conditions",150.629824441,1,14.7902602277,14.7902602277
"","surveys data","SBS BSFRF F","index catch","n.at.z","BY_XM","DirichletMultinomial","2018","female","mature","all shell conditions",58.7157258321,1,9.4949300075,9.4949300075
"","fisheries data","TCF","retained catch","abundance","BY_X","lognormal","all","male","all maturity states","all shell conditions",5.22811638396,0,446.029872195,0
"","fisheries data","TCF","retained catch","abundance","BY_X","lognormal","all","female","all maturity states","all shell conditions",0,0,0,0
"","fisheries data","TCF","retained catch","biomass","BY_X","lognormal","all","male","all maturity states","all shell conditions",0.403169029681,1,-151.724552275,-151.724552275
"","fisheries data","TCF","retained catch","biomass","BY_X","lognormal","all","female","all maturity states","all shell conditions",0,1,0,0
"","fisheries data","TCF","retained catch","n.at.z","BY_X","multinomial","1980","male","all maturity states","all shell conditions",23.620341658,1,14.2909279358,14.2909279358
"","fisheries data","TCF","retained catch","n.at.z","BY_X","multinomial","1981","male","all maturity states","all shell conditions",261.338997342,1,0.7942389017,0.7942389017
"","fisheries data","TCF","retained catch","n.at.z","BY_X","multinomial","1982","male","all maturity states","all shell conditions",254.961314973,1,1.27413337786,1.27413337786
"","fisheries data","TCF","retained catch","n.at.z","BY_X","multinomial","1983","male","all maturity states","all shell conditions",28.4701485477,1,1.43331981363,1.43331981363
"","fisheries data","TCF","retained catch","n.at.z","BY_X","multinomial","1984","male","all maturity states","all shell conditions",120.339861144,1,0.609105346506,0.609105346506
"","fisheries data","TCF","retained catch","n.at.z","BY_X","multinomial","1988","male","all maturity states","all shell conditions",90.7154918563,1,2.1559497246,2.1559497246
"","fisheries data","TCF","retained catch","n.at.z","BY_X","multinomial","1989","male","all maturity states","all shell conditions",953.149835795,1,0.899202495611,0.899202495611
"","fisheries data","TCF","retained catch","n.at.z","BY_X","multinomial","1990","male","all maturity states","all shell conditions",256.727026619,1,2.66936123262,2.66936123262
"","fisheries data","TCF","retained catch","n.at.z","BY_X","multinomial","1991","male","all maturity states","all shell conditions",783.831026381,1,0.56621796909,0.56621796909
"","fisheries data","TCF","retained catch","n.at.z","BY_X","multinomial","1992","male","all maturity states","all shell conditions",117.11068787,1,5.28364382297,5.28364382297
"","fisheries data","TCF","retained catch","n.at.z","BY_X","multinomial","1993","male","all maturity states","all shell conditions",163.011684133,1,3.59608665259,3.59608665259
"","fisheries data","TCF","retained catch","n.at.z","BY_X","multinomial","1994","male","all maturity states","all shell conditions",174.011154307,1,2.71428470454,2.71428470454
"","fisheries data","TCF","retained catch","n.at.z","BY_X","multinomial","1995","male","all maturity states","all shell conditions",161.513213629,1,2.20626016632,2.20626016632
"","fisheries data","TCF","retained catch","n.at.z","BY_X","multinomial","1996","male","all maturity states","all shell conditions",108.998113802,1,0.880617485281,0.880617485281
"","fisheries data","TCF","retained catch","n.at.z","BY_X","multinomial","2005","male","all maturity states","all shell conditions",7.17915007161,1,0.800451306304,0.800451306304
"","fisheries data","TCF","retained catch","n.at.z","BY_X","multinomial","2006","male","all maturity states","all shell conditions",68.3511507062,1,0.491340413274,0.491340413274
"","fisheries data","TCF","retained catch","n.at.z","BY_X","multinomial","2007","male","all maturity states","all shell conditions",102.791965844,1,1.00141279434,1.00141279434
"","fisheries data","TCF","retained catch","n.at.z","BY_X","multinomial","2008","male","all maturity states","all shell conditions",208.219803051,1,0.278386763803,0.278386763803
"","fisheries data","TCF","retained catch","n.at.z","BY_X","multinomial","2009","male","all maturity states","all shell conditions",29.0421525777,1,1.8659444474,1.8659444474
"","fisheries data","TCF","retained catch","n.at.z","BY_X","multinomial","2013","male","all maturity states","all shell conditions",307.766479607,1,0.337972280975,0.337972280975
"","fisheries data","TCF","retained catch","n.at.z","BY_X","multinomial","2014","male","all maturity states","all shell conditions",158.205594426,1,2.61455218983,2.61455218983
"","fisheries data","TCF","retained catch","n.at.z","BY_X","multinomial","2015","male","all maturity states","all shell conditions",127.086884168,1,4.40935109355,4.40935109355
"","fisheries data","TCF","retained catch","n.at.z","BY_X","multinomial","2017","male","all maturity states","all shell conditions",54.8692436618,1,1.38310423951,1.38310423951
"","fisheries data","TCF","retained catch","n.at.z","BY_X","multinomial","2018","male","all maturity states","all shell conditions",29.8941763889,1,1.97030479294,1.97030479294
"","fisheries data","TCF","retained catch","n.at.z","BY_X","multinomial","2020","male","all maturity states","all shell conditions",18.3671314499,1,3.55616350858,3.55616350858
"","fisheries data","TCF","retained catch","n.at.z","BY_X","multinomial","2021","male","all maturity states","all shell conditions",4.48487501206,1,7.39035345395,7.39035345395
"","fisheries data","TCF","retained catch","n.at.z","BY_X","multinomial","2022","male","all maturity states","all shell conditions",32.6485482165,1,3.16254718172,3.16254718172
"","fisheries data","TCF","retained catch","n.at.z","BY_X","multinomial","2023","male","all maturity states","all shell conditions",172.906231706,1,0.534409432969,0.534409432969
"","fisheries data","TCF","total catch","abundance","BY_TOTAL","lognormal","all","all sexes","all maturity states","all shell conditions",2.19172542028,0,13.5568910986,0
"","fisheries data","TCF","total catch","biomass","BY_TOTAL","lognormal","all","all sexes","all maturity states","all shell conditions",1.93296256337,1,4.13411969599,4.13411969599
"","fisheries data","TCF","total catch","n.at.z","BY_XE","multinomial","1991","male","all maturity states","all shell conditions",2551.07552062,1,-0.823556380179,-0.823556380179
"","fisheries data","TCF","total catch","n.at.z","BY_XE","multinomial","1991","female","all maturity states","all shell conditions",496.14555725,1,2.67126472625,2.67126472625
"","fisheries data","TCF","total catch","n.at.z","BY_XE","multinomial","1992","male","all maturity states","all shell conditions",255.127213225,1,9.00427415805,9.00427415805
"","fisheries data","TCF","total catch","n.at.z","BY_XE","multinomial","1992","female","all maturity states","all shell conditions",1264.65140322,1,-4.37467973809,-4.37467973809
"","fisheries data","TCF","total catch","n.at.z","BY_XE","multinomial","1993","male","all maturity states","all shell conditions",743.560968072,1,5.65471115555,5.65471115555
"","fisheries data","TCF","total catch","n.at.z","BY_XE","multinomial","1993","female","all maturity states","all shell conditions",480.149589455,1,-2.95089084303,-2.95089084303
"","fisheries data","TCF","total catch","n.at.z","BY_XE","multinomial","1994","male","all maturity states","all shell conditions",647.604648434,1,-3.38124570075,-3.38124570075
"","fisheries data","TCF","total catch","n.at.z","BY_XE","multinomial","1994","female","all maturity states","all shell conditions",261.214627186,1,4.88425718613,4.88425718613
"","fisheries data","TCF","total catch","n.at.z","BY_XE","multinomial","1995","male","all maturity states","all shell conditions",111.086121432,1,-10.3138976383,-10.3138976383
"","fisheries data","TCF","total catch","n.at.z","BY_XE","multinomial","1995","female","all maturity states","all shell conditions",18.3578579546,1,19.7521130506,19.7521130506
"","fisheries data","TCF","total catch","n.at.z","BY_XE","multinomial","1996","male","all maturity states","all shell conditions",18.6872143975,1,0.942471039203,0.942471039203
"","fisheries data","TCF","total catch","n.at.z","BY_XE","multinomial","1996","female","all maturity states","all shell conditions",288.33896982,1,-0.108428171571,-0.108428171571
"","fisheries data","TCF","total catch","n.at.z","BY_XE","multinomial","2005","male","all maturity states","all shell conditions",54.9785752269,1,0.0847739726929,0.0847739726929
"","fisheries data","TCF","total catch","n.at.z","BY_XE","multinomial","2005","female","all maturity states","all shell conditions",61.7015739915,1,11.3051024762,11.3051024762
"","fisheries data","TCF","total catch","n.at.z","BY_XE","multinomial","2006","male","all maturity states","all shell conditions",137.792672852,1,-18.03534454,-18.03534454
"","fisheries data","TCF","total catch","n.at.z","BY_XE","multinomial","2006","female","all maturity states","all shell conditions",16.6819188226,1,44.5878328587,44.5878328587
"","fisheries data","TCF","total catch","n.at.z","BY_XE","multinomial","2007","male","all maturity states","all shell conditions",330.67502957,1,0.246610161267,0.246610161267
"","fisheries data","TCF","total catch","n.at.z","BY_XE","multinomial","2007","female","all maturity states","all shell conditions",677.11643086,1,2.84712499713,2.84712499713
"","fisheries data","TCF","total catch","n.at.z","BY_XE","multinomial","2008","male","all maturity states","all shell conditions",317.407105754,1,11.4899238009,11.4899238009
"","fisheries data","TCF","total catch","n.at.z","BY_XE","multinomial","2008","female","all maturity states","all shell conditions",170.190654807,1,-3.95845631017,-3.95845631017
"","fisheries data","TCF","total catch","n.at.z","BY_XE","multinomial","2009","male","all maturity states","all shell conditions",61.2846891715,1,26.8774993852,26.8774993852
"","fisheries data","TCF","total catch","n.at.z","BY_XE","multinomial","2009","female","all maturity states","all shell conditions",34.4464926657,1,-3.22201796255,-3.22201796255
"","fisheries data","TCF","total catch","n.at.z","BY_XE","multinomial","2013","male","all maturity states","all shell conditions",1398.81455914,1,2.40811747401,2.40811747401
"","fisheries data","TCF","total catch","n.at.z","BY_XE","multinomial","2013","female","all maturity states","all shell conditions",393.739724188,1,-0.869955978011,-0.869955978011
"","fisheries data","TCF","total catch","n.at.z","BY_XE","multinomial","2014","male","all maturity states","all shell conditions",117.158231651,1,10.1662995979,10.1662995979
"","fisheries data","TCF","total catch","n.at.z","BY_XE","multinomial","2014","female","all maturity states","all shell conditions",352.359754671,1,-2.10286202341,-2.10286202341
"","fisheries data","TCF","total catch","n.at.z","BY_XE","multinomial","2015","male","all maturity states","all shell conditions",91.1360310863,1,10.9890458025,10.9890458025
"","fisheries data","TCF","total catch","n.at.z","BY_XE","multinomial","2015","female","all maturity states","all shell conditions",402.574385738,1,-1.74840332543,-1.74840332543
"","fisheries data","TCF","total catch","n.at.z","BY_XE","multinomial","2017","male","all maturity states","all shell conditions",107.188683562,1,-0.984783161056,-0.984783161056
"","fisheries data","TCF","total catch","n.at.z","BY_XE","multinomial","2017","female","all maturity states","all shell conditions",105.655581139,1,8.96796271494,8.96796271494
"","fisheries data","TCF","total catch","n.at.z","BY_XE","multinomial","2018","male","all maturity states","all shell conditions",49.8581619083,1,6.34684327573,6.34684327573
"","fisheries data","TCF","total catch","n.at.z","BY_XE","multinomial","2018","female","all maturity states","all shell conditions",111.017586152,1,10.8978016094,10.8978016094
"","fisheries data","TCF","total catch","n.at.z","BY_XE","multinomial","2020","male","all maturity states","all shell conditions",42.4791883388,1,6.7953609889,6.7953609889
"","fisheries data","TCF","total catch","n.at.z","BY_XE","multinomial","2020","female","all maturity states","all shell conditions",129.457041292,1,5.39754922791,5.39754922791
"","fisheries data","TCF","total catch","n.at.z","BY_XE","multinomial","2021","male","all maturity states","all shell conditions",19.0022986851,1,12.8567717498,12.8567717498
"","fisheries data","TCF","total catch","n.at.z","BY_XE","multinomial","2021","female","all maturity states","all shell conditions",186.689682972,1,4.3356340185,4.3356340185
"","fisheries data","TCF","total catch","n.at.z","BY_XE","multinomial","2022","male","all maturity states","all shell conditions",46.8713422692,1,15.0265706283,15.0265706283
"","fisheries data","TCF","total catch","n.at.z","BY_XE","multinomial","2022","female","all maturity states","all shell conditions",686.553798415,1,-0.26968985629,-0.26968985629
"","fisheries data","TCF","total catch","n.at.z","BY_XE","multinomial","2023","male","all maturity states","all shell conditions",195.552198013,1,8.43172749694,8.43172749694
"","fisheries data","TCF","total catch","n.at.z","BY_XE","multinomial","2023","female","all maturity states","all shell conditions",518.544063814,1,-1.940803209,-1.940803209
"","fisheries data","SCF","total catch","abundance","BY_TOTAL","lognormal","all","all sexes","all maturity states","all shell conditions",1.08766173612,0,-35.7985226017,0
"","fisheries data","SCF","total catch","biomass","BY_TOTAL","lognormal","all","all sexes","all maturity states","all shell conditions",0.156412976084,1,-52.215742153,-52.215742153
"","fisheries data","SCF","total catch","n.at.z","BY_XE","multinomial","1990","male","all maturity states","all shell conditions",46.1405176649,1,21.4880135684,21.4880135684
"","fisheries data","SCF","total catch","n.at.z","BY_XE","multinomial","1990","female","all maturity states","all shell conditions",125.303144026,1,-3.64100105158,-3.64100105158
"","fisheries data","SCF","total catch","n.at.z","BY_XE","multinomial","1991","male","all maturity states","all shell conditions",95.961756763,1,12.5965094794,12.5965094794
"","fisheries data","SCF","total catch","n.at.z","BY_XE","multinomial","1991","female","all maturity states","all shell conditions",136.738290151,1,-3.50302494889,-3.50302494889
"","fisheries data","SCF","total catch","n.at.z","BY_XE","multinomial","1992","male","all maturity states","all shell conditions",44.9697555928,1,6.33100031565,6.33100031565
"","fisheries data","SCF","total catch","n.at.z","BY_XE","multinomial","1992","female","all maturity states","all shell conditions",248.374700969,1,0.562314567474,0.562314567474
"","fisheries data","SCF","total catch","n.at.z","BY_XE","multinomial","1993","male","all maturity states","all shell conditions",21.1718310543,1,1.55028569368,1.55028569368
"","fisheries data","SCF","total catch","n.at.z","BY_XE","multinomial","1993","female","all maturity states","all shell conditions",27.5957136265,1,11.3570431549,11.3570431549
"","fisheries data","SCF","total catch","n.at.z","BY_XE","multinomial","1994","male","all maturity states","all shell conditions",12.2128587757,1,5.01300403436,5.01300403436
"","fisheries data","SCF","total catch","n.at.z","BY_XE","multinomial","1994","female","all maturity states","all shell conditions",21.0359631037,1,8.03691160404,8.03691160404
"","fisheries data","SCF","total catch","n.at.z","BY_XE","multinomial","1995","male","all maturity states","all shell conditions",16.433103196,1,1.2406886352,1.2406886352
"","fisheries data","SCF","total catch","n.at.z","BY_XE","multinomial","1995","female","all maturity states","all shell conditions",34.2351810554,1,2.59999880612,2.59999880612
"","fisheries data","SCF","total catch","n.at.z","BY_XE","multinomial","1996","male","all maturity states","all shell conditions",158.866591698,1,0.624459896739,0.624459896739
"","fisheries data","SCF","total catch","n.at.z","BY_XE","multinomial","1996","female","all maturity states","all shell conditions",416.097286317,1,0.505302385905,0.505302385905
"","fisheries data","SCF","total catch","n.at.z","BY_XE","multinomial","1997","male","all maturity states","all shell conditions",195.577693833,1,0.661186358868,0.661186358868
"","fisheries data","SCF","total catch","n.at.z","BY_XE","multinomial","1997","female","all maturity states","all shell conditions",462.818131959,1,0.592210154362,0.592210154362
"","fisheries data","SCF","total catch","n.at.z","BY_XE","multinomial","1998","male","all maturity states","all shell conditions",239.399705499,1,-1.67185502181,-1.67185502181
"","fisheries data","SCF","total catch","n.at.z","BY_XE","multinomial","1998","female","all maturity states","all shell conditions",18.8540365053,1,3.39505229668,3.39505229668
"","fisheries data","SCF","total catch","n.at.z","BY_XE","multinomial","1999","male","all maturity states","all shell conditions",99.641867704,1,-0.00660134531254,-0.00660134531254
"","fisheries data","SCF","total catch","n.at.z","BY_XE","multinomial","1999","female","all maturity states","all shell conditions",76.3578212875,1,0.542383462037,0.542383462037
"","fisheries data","SCF","total catch","n.at.z","BY_XE","multinomial","2000","male","all maturity states","all shell conditions",235.547885384,1,0.839131382842,0.839131382842
"","fisheries data","SCF","total catch","n.at.z","BY_XE","multinomial","2000","female","all maturity states","all shell conditions",98.0800158591,1,-0.265430547709,-0.265430547709
"","fisheries data","SCF","total catch","n.at.z","BY_XE","multinomial","2001","male","all maturity states","all shell conditions",806.107187191,1,0.621650839934,0.621650839934
"","fisheries data","SCF","total catch","n.at.z","BY_XE","multinomial","2001","female","all maturity states","all shell conditions",363.706732016,1,-0.26780676849,-0.26780676849
"","fisheries data","SCF","total catch","n.at.z","BY_XE","multinomial","2002","male","all maturity states","all shell conditions",46.6415464124,1,0.504560748111,0.504560748111
"","fisheries data","SCF","total catch","n.at.z","BY_XE","multinomial","2002","female","all maturity states","all shell conditions",101.288076015,1,0.486385034557,0.486385034557
"","fisheries data","SCF","total catch","n.at.z","BY_XE","multinomial","2003","male","all maturity states","all shell conditions",70.5762690902,1,-0.227162737942,-0.227162737942
"","fisheries data","SCF","total catch","n.at.z","BY_XE","multinomial","2003","female","all maturity states","all shell conditions",32.6193792184,1,0.989035621843,0.989035621843
"","fisheries data","SCF","total catch","n.at.z","BY_XE","multinomial","2004","male","all maturity states","all shell conditions",15.406609065,1,-0.167590097139,-0.167590097139
"","fisheries data","SCF","total catch","n.at.z","BY_XE","multinomial","2004","female","all maturity states","all shell conditions",5.46079900811,1,5.61938320972,5.61938320972
"","fisheries data","SCF","total catch","n.at.z","BY_XE","multinomial","2005","male","all maturity states","all shell conditions",127.241313124,1,2.69248140889,2.69248140889
"","fisheries data","SCF","total catch","n.at.z","BY_XE","multinomial","2005","female","all maturity states","all shell conditions",920.889504494,1,0.575667165439,0.575667165439
"","fisheries data","SCF","total catch","n.at.z","BY_XE","multinomial","2006","male","all maturity states","all shell conditions",66.0721370566,1,-2.8184715191,-2.8184715191
"","fisheries data","SCF","total catch","n.at.z","BY_XE","multinomial","2006","female","all maturity states","all shell conditions",14.4531876023,1,16.3815548698,16.3815548698
"","fisheries data","SCF","total catch","n.at.z","BY_XE","multinomial","2007","male","all maturity states","all shell conditions",356.126734999,1,-2.32182735896,-2.32182735896
"","fisheries data","SCF","total catch","n.at.z","BY_XE","multinomial","2007","female","all maturity states","all shell conditions",83.0755765713,1,5.6038903849,5.6038903849
"","fisheries data","SCF","total catch","n.at.z","BY_XE","multinomial","2008","male","all maturity states","all shell conditions",74.0286648263,1,3.47016554848,3.47016554848
"","fisheries data","SCF","total catch","n.at.z","BY_XE","multinomial","2008","female","all maturity states","all shell conditions",70.7661461566,1,4.26780803729,4.26780803729
"","fisheries data","SCF","total catch","n.at.z","BY_XE","multinomial","2009","male","all maturity states","all shell conditions",249.459828114,1,1.50033922145,1.50033922145
"","fisheries data","SCF","total catch","n.at.z","BY_XE","multinomial","2009","female","all maturity states","all shell conditions",316.012074818,1,0.63040071593,0.63040071593
"","fisheries data","SCF","total catch","n.at.z","BY_XE","multinomial","2010","male","all maturity states","all shell conditions",217.091527349,1,2.54794014457,2.54794014457
"","fisheries data","SCF","total catch","n.at.z","BY_XE","multinomial","2010","female","all maturity states","all shell conditions",692.659053877,1,-0.50133818726,-0.50133818726
"","fisheries data","SCF","total catch","n.at.z","BY_XE","multinomial","2011","male","all maturity states","all shell conditions",109.739868795,1,3.87486959905,3.87486959905
"","fisheries data","SCF","total catch","n.at.z","BY_XE","multinomial","2011","female","all maturity states","all shell conditions",423.678108022,1,-0.511162349245,-0.511162349245
"","fisheries data","SCF","total catch","n.at.z","BY_XE","multinomial","2012","male","all maturity states","all shell conditions",80.3733089428,1,5.56097752112,5.56097752112
"","fisheries data","SCF","total catch","n.at.z","BY_XE","multinomial","2012","female","all maturity states","all shell conditions",453.735456651,1,-0.487542573413,-0.487542573413
"","fisheries data","SCF","total catch","n.at.z","BY_XE","multinomial","2013","male","all maturity states","all shell conditions",171.914317844,1,3.05304820543,3.05304820543
"","fisheries data","SCF","total catch","n.at.z","BY_XE","multinomial","2013","female","all maturity states","all shell conditions",2671.3024277,1,-0.403341254414,-0.403341254414
"","fisheries data","SCF","total catch","n.at.z","BY_XE","multinomial","2014","male","all maturity states","all shell conditions",291.788543849,1,3.51096305963,3.51096305963
"","fisheries data","SCF","total catch","n.at.z","BY_XE","multinomial","2014","female","all maturity states","all shell conditions",722.406605062,1,0.104168531549,0.104168531549
"","fisheries data","SCF","total catch","n.at.z","BY_XE","multinomial","2015","male","all maturity states","all shell conditions",220.810140308,1,4.93065285918,4.93065285918
"","fisheries data","SCF","total catch","n.at.z","BY_XE","multinomial","2015","female","all maturity states","all shell conditions",472.560196685,1,-1.15840266072,-1.15840266072
"","fisheries data","SCF","total catch","n.at.z","BY_XE","multinomial","2016","male","all maturity states","all shell conditions",483.864350343,1,2.80604803137,2.80604803137
"","fisheries data","SCF","total catch","n.at.z","BY_XE","multinomial","2016","female","all maturity states","all shell conditions",605.827163735,1,-0.96331627655,-0.96331627655
"","fisheries data","SCF","total catch","n.at.z","BY_XE","multinomial","2017","male","all maturity states","all shell conditions",555.390965382,1,0.805141428806,0.805141428806
"","fisheries data","SCF","total catch","n.at.z","BY_XE","multinomial","2017","female","all maturity states","all shell conditions",333.509559485,1,-0.254430360171,-0.254430360171
"","fisheries data","SCF","total catch","n.at.z","BY_XE","multinomial","2018","male","all maturity states","all shell conditions",373.888839274,1,0.356052337291,0.356052337291
"","fisheries data","SCF","total catch","n.at.z","BY_XE","multinomial","2018","female","all maturity states","all shell conditions",157.14824894,1,0.568685684063,0.568685684063
"","fisheries data","SCF","total catch","n.at.z","BY_XE","multinomial","2019","male","all maturity states","all shell conditions",183.406893154,1,0.943013018682,0.943013018682
"","fisheries data","SCF","total catch","n.at.z","BY_XE","multinomial","2019","female","all maturity states","all shell conditions",197.967361108,1,1.32688517727,1.32688517727
"","fisheries data","SCF","total catch","n.at.z","BY_XE","multinomial","2020","male","all maturity states","all shell conditions",45.562041843,1,0.622156470852,0.622156470852
"","fisheries data","SCF","total catch","n.at.z","BY_XE","multinomial","2020","female","all maturity states","all shell conditions",457.609803644,1,-0.0406479505722,-0.0406479505722
"","fisheries data","SCF","total catch","n.at.z","BY_XE","multinomial","2021","male","all maturity states","all shell conditions",40.032229853,1,0.441497300515,0.441497300515
"","fisheries data","SCF","total catch","n.at.z","BY_XE","multinomial","2021","female","all maturity states","all shell conditions",198.594083724,1,0.097424405928,0.097424405928
"","fisheries data","GF All","total catch","abundance","BY_TOTAL","lognormal","all","all sexes","all maturity states","all shell conditions",0.756506102918,1,-67.9893441761,-67.9893441761
"","fisheries data","GF All","total catch","biomass","BY_TOTAL","lognormal","all","all sexes","all maturity states","all shell conditions",0.715221407868,1,-69.5387196238,-69.5387196238
"","fisheries data","GF All","total catch","n.at.z","BY_XE","multinomial","1973","male","all maturity states","all shell conditions",174.542569649,1,-1.30254433285,-1.30254433285
"","fisheries data","GF All","total catch","n.at.z","BY_XE","multinomial","1973","female","all maturity states","all shell conditions",276.780584206,1,3.93662704628,3.93662704628
"","fisheries data","GF All","total catch","n.at.z","BY_XE","multinomial","1974","male","all maturity states","all shell conditions",193.825645686,1,-0.269265178101,-0.269265178101
"","fisheries data","GF All","total catch","n.at.z","BY_XE","multinomial","1974","female","all maturity states","all shell conditions",201.684291399,1,2.50506146227,2.50506146227
"","fisheries data","GF All","total catch","n.at.z","BY_XE","multinomial","1975","male","all maturity states","all shell conditions",193.105988253,1,-0.13246493746,-0.13246493746
"","fisheries data","GF All","total catch","n.at.z","BY_XE","multinomial","1975","female","all maturity states","all shell conditions",317.809033307,1,1.25771887775,1.25771887775
"","fisheries data","GF All","total catch","n.at.z","BY_XE","multinomial","1976","male","all maturity states","all shell conditions",107.206314351,1,-2.241687429,-2.241687429
"","fisheries data","GF All","total catch","n.at.z","BY_XE","multinomial","1976","female","all maturity states","all shell conditions",151.602042366,1,16.7072207065,16.7072207065
"","fisheries data","GF All","total catch","n.at.z","BY_XE","multinomial","1977","male","all maturity states","all shell conditions",167.414555704,1,1.20952131931,1.20952131931
"","fisheries data","GF All","total catch","n.at.z","BY_XE","multinomial","1977","female","all maturity states","all shell conditions",325.757596649,1,11.371449423,11.371449423
"","fisheries data","GF All","total catch","n.at.z","BY_XE","multinomial","1978","male","all maturity states","all shell conditions",220.846646667,1,-1.2866665156,-1.2866665156
"","fisheries data","GF All","total catch","n.at.z","BY_XE","multinomial","1978","female","all maturity states","all shell conditions",232.902087772,1,14.3941626915,14.3941626915
"","fisheries data","GF All","total catch","n.at.z","BY_XE","multinomial","1979","male","all maturity states","all shell conditions",507.726690439,1,0.11041027557,0.11041027557
"","fisheries data","GF All","total catch","n.at.z","BY_XE","multinomial","1979","female","all maturity states","all shell conditions",656.957736236,1,6.61781197936,6.61781197936
"","fisheries data","GF All","total catch","n.at.z","BY_XE","multinomial","1980","male","all maturity states","all shell conditions",287.262265446,1,8.60070348146,8.60070348146
"","fisheries data","GF All","total catch","n.at.z","BY_XE","multinomial","1980","female","all maturity states","all shell conditions",552.904851655,1,-0.919753206346,-0.919753206346
"","fisheries data","GF All","total catch","n.at.z","BY_XE","multinomial","1981","male","all maturity states","all shell conditions",686.905735966,1,-3.97664233247,-3.97664233247
"","fisheries data","GF All","total catch","n.at.z","BY_XE","multinomial","1981","female","all maturity states","all shell conditions",66.7582482377,1,12.0621690361,12.0621690361
"","fisheries data","GF All","total catch","n.at.z","BY_XE","multinomial","1982","male","all maturity states","all shell conditions",356.148200673,1,-0.916490090666,-0.916490090666
"","fisheries data","GF All","total catch","n.at.z","BY_XE","multinomial","1982","female","all maturity states","all shell conditions",98.3163877389,1,15.7013226632,15.7013226632
"","fisheries data","GF All","total catch","n.at.z","BY_XE","multinomial","1983","male","all maturity states","all shell conditions",135.234385336,1,23.6552845936,23.6552845936
"","fisheries data","GF All","total catch","n.at.z","BY_XE","multinomial","1983","female","all maturity states","all shell conditions",242.860349012,1,-4.43557248981,-4.43557248981
"","fisheries data","GF All","total catch","n.at.z","BY_XE","multinomial","1984","male","all maturity states","all shell conditions",296.280269743,1,15.4422647165,15.4422647165
"","fisheries data","GF All","total catch","n.at.z","BY_XE","multinomial","1984","female","all maturity states","all shell conditions",484.879279754,1,-6.68561651346,-6.68561651346
"","fisheries data","GF All","total catch","n.at.z","BY_XE","multinomial","1985","male","all maturity states","all shell conditions",244.514613734,1,11.3791713138,11.3791713138
"","fisheries data","GF All","total catch","n.at.z","BY_XE","multinomial","1985","female","all maturity states","all shell conditions",234.496147649,1,0.501038322213,0.501038322213
"","fisheries data","GF All","total catch","n.at.z","BY_XE","multinomial","1986","male","all maturity states","all shell conditions",369.427203688,1,8.6643525812,8.6643525812
"","fisheries data","GF All","total catch","n.at.z","BY_XE","multinomial","1986","female","all maturity states","all shell conditions",134.386642991,1,4.03259403696,4.03259403696
"","fisheries data","GF All","total catch","n.at.z","BY_XE","multinomial","1987","male","all maturity states","all shell conditions",144.637166774,1,11.1719804773,11.1719804773
"","fisheries data","GF All","total catch","n.at.z","BY_XE","multinomial","1987","female","all maturity states","all shell conditions",605.221600567,1,3.56682494715,3.56682494715
"","fisheries data","GF All","total catch","n.at.z","BY_XE","multinomial","1988","male","all maturity states","all shell conditions",169.847221169,1,5.09485220425,5.09485220425
"","fisheries data","GF All","total catch","n.at.z","BY_XE","multinomial","1988","female","all maturity states","all shell conditions",177.198962653,1,12.2051897619,12.2051897619
"","fisheries data","GF All","total catch","n.at.z","BY_XE","multinomial","1989","male","all maturity states","all shell conditions",490.13256382,1,-1.51247217388,-1.51247217388
"","fisheries data","GF All","total catch","n.at.z","BY_XE","multinomial","1989","female","all maturity states","all shell conditions",528.675167795,1,9.1749452645,9.1749452645
"","fisheries data","GF All","total catch","n.at.z","BY_XE","multinomial","1990","male","all maturity states","all shell conditions",678.922259988,1,12.8645779769,12.8645779769
"","fisheries data","GF All","total catch","n.at.z","BY_XE","multinomial","1990","female","all maturity states","all shell conditions",316.29266949,1,-6.88681709565,-6.88681709565
"","fisheries data","GF All","total catch","n.at.z","BY_XE","multinomial","1991","male","all maturity states","all shell conditions",305.318690344,1,0.777400938819,0.777400938819
"","fisheries data","GF All","total catch","n.at.z","BY_XE","multinomial","1991","female","all maturity states","all shell conditions",166.739555621,1,4.68292334143,4.68292334143
"","fisheries data","GF All","total catch","n.at.z","BY_XE","multinomial","1992","male","all maturity states","all shell conditions",132.678251621,1,4.71767471733,4.71767471733
"","fisheries data","GF All","total catch","n.at.z","BY_XE","multinomial","1992","female","all maturity states","all shell conditions",72.2581298236,1,1.84325216832,1.84325216832
"","fisheries data","GF All","total catch","n.at.z","BY_XE","multinomial","1993","male","all maturity states","all shell conditions",49.6424307811,1,4.24415737196,4.24415737196
"","fisheries data","GF All","total catch","n.at.z","BY_XE","multinomial","1993","female","all maturity states","all shell conditions",76.6393081379,1,-0.0962457921209,-0.0962457921209
"","fisheries data","GF All","total catch","n.at.z","BY_XE","multinomial","1994","male","all maturity states","all shell conditions",105.393071513,1,2.64117100156,2.64117100156
"","fisheries data","GF All","total catch","n.at.z","BY_XE","multinomial","1994","female","all maturity states","all shell conditions",396.178749289,1,0.931629249201,0.931629249201
"","fisheries data","GF All","total catch","n.at.z","BY_XE","multinomial","1995","male","all maturity states","all shell conditions",53.5974900801,1,10.2154577441,10.2154577441
"","fisheries data","GF All","total catch","n.at.z","BY_XE","multinomial","1995","female","all maturity states","all shell conditions",64.1796604586,1,4.11505688992,4.11505688992
"","fisheries data","GF All","total catch","n.at.z","BY_XE","multinomial","1996","male","all maturity states","all shell conditions",93.283121304,1,12.7038852441,12.7038852441
"","fisheries data","GF All","total catch","n.at.z","BY_XE","multinomial","1996","female","all maturity states","all shell conditions",139.02306762,1,-2.5279764593,-2.5279764593
"","fisheries data","GF All","total catch","n.at.z","BY_XE","multinomial","1997","male","all maturity states","all shell conditions",40.535261524,1,21.564381851,21.564381851
"","fisheries data","GF All","total catch","n.at.z","BY_XE","multinomial","1997","female","all maturity states","all shell conditions",124.765344571,1,8.00025577318,8.00025577318
"","fisheries data","GF All","total catch","n.at.z","BY_XE","multinomial","1998","male","all maturity states","all shell conditions",63.3758373757,1,7.14549400399,7.14549400399
"","fisheries data","GF All","total catch","n.at.z","BY_XE","multinomial","1998","female","all maturity states","all shell conditions",166.365712739,1,10.0002523198,10.0002523198
"","fisheries data","GF All","total catch","n.at.z","BY_XE","multinomial","1999","male","all maturity states","all shell conditions",118.383964563,1,2.96622833308,2.96622833308
"","fisheries data","GF All","total catch","n.at.z","BY_XE","multinomial","1999","female","all maturity states","all shell conditions",497.212068159,1,4.18994405792,4.18994405792
"","fisheries data","GF All","total catch","n.at.z","BY_XE","multinomial","2000","male","all maturity states","all shell conditions",198.717669738,1,5.10722590534,5.10722590534
"","fisheries data","GF All","total catch","n.at.z","BY_XE","multinomial","2000","female","all maturity states","all shell conditions",548.450176412,1,1.03618554848,1.03618554848
"","fisheries data","GF All","total catch","n.at.z","BY_XE","multinomial","2001","male","all maturity states","all shell conditions",160.152996174,1,10.5939534206,10.5939534206
"","fisheries data","GF All","total catch","n.at.z","BY_XE","multinomial","2001","female","all maturity states","all shell conditions",600.384438525,1,-3.18201136931,-3.18201136931
"","fisheries data","GF All","total catch","n.at.z","BY_XE","multinomial","2002","male","all maturity states","all shell conditions",108.686871952,1,10.8729900443,10.8729900443
"","fisheries data","GF All","total catch","n.at.z","BY_XE","multinomial","2002","female","all maturity states","all shell conditions",225.190974812,1,0.116814510961,0.116814510961
"","fisheries data","GF All","total catch","n.at.z","BY_XE","multinomial","2003","male","all maturity states","all shell conditions",198.107719029,1,2.72296138143,2.72296138143
"","fisheries data","GF All","total catch","n.at.z","BY_XE","multinomial","2003","female","all maturity states","all shell conditions",299.486470002,1,4.44021101688,4.44021101688
"","fisheries data","GF All","total catch","n.at.z","BY_XE","multinomial","2004","male","all maturity states","all shell conditions",122.349816295,1,-4.88874827792,-4.88874827792
"","fisheries data","GF All","total catch","n.at.z","BY_XE","multinomial","2004","female","all maturity states","all shell conditions",31.6667090063,1,38.0070360011,38.0070360011
"","fisheries data","GF All","total catch","n.at.z","BY_XE","multinomial","2005","male","all maturity states","all shell conditions",362.901647254,1,3.49761614363,3.49761614363
"","fisheries data","GF All","total catch","n.at.z","BY_XE","multinomial","2005","female","all maturity states","all shell conditions",643.656569607,1,0.290579694408,0.290579694408
"","fisheries data","GF All","total catch","n.at.z","BY_XE","multinomial","2006","male","all maturity states","all shell conditions",95.9812067203,1,11.206839189,11.206839189
"","fisheries data","GF All","total catch","n.at.z","BY_XE","multinomial","2006","female","all maturity states","all shell conditions",106.489891408,1,2.87214094916,2.87214094916
"","fisheries data","GF All","total catch","n.at.z","BY_XE","multinomial","2007","male","all maturity states","all shell conditions",129.552725498,1,7.61736358911,7.61736358911
"","fisheries data","GF All","total catch","n.at.z","BY_XE","multinomial","2007","female","all maturity states","all shell conditions",122.03149555,1,6.22026794351,6.22026794351
"","fisheries data","GF All","total catch","n.at.z","BY_XE","multinomial","2008","male","all maturity states","all shell conditions",133.40795583,1,24.2782025966,24.2782025966
"","fisheries data","GF All","total catch","n.at.z","BY_XE","multinomial","2008","female","all maturity states","all shell conditions",161.91113125,1,-8.28039296246,-8.28039296246
"","fisheries data","GF All","total catch","n.at.z","BY_XE","multinomial","2009","male","all maturity states","all shell conditions",313.761883302,1,12.3237469787,12.3237469787
"","fisheries data","GF All","total catch","n.at.z","BY_XE","multinomial","2009","female","all maturity states","all shell conditions",463.162444399,1,-6.77805211352,-6.77805211352
"","fisheries data","GF All","total catch","n.at.z","BY_XE","multinomial","2010","male","all maturity states","all shell conditions",700.846487952,1,3.95118458024,3.95118458024
"","fisheries data","GF All","total catch","n.at.z","BY_XE","multinomial","2010","female","all maturity states","all shell conditions",1219.60470095,1,-1.65945031519,-1.65945031519
"","fisheries data","GF All","total catch","n.at.z","BY_XE","multinomial","2011","male","all maturity states","all shell conditions",60.5195290121,1,14.2224210627,14.2224210627
"","fisheries data","GF All","total catch","n.at.z","BY_XE","multinomial","2011","female","all maturity states","all shell conditions",39.2340114916,1,23.9997200733,23.9997200733
"","fisheries data","GF All","total catch","n.at.z","BY_XE","multinomial","2012","male","all maturity states","all shell conditions",350.856531267,1,-8.13715231846,-8.13715231846
"","fisheries data","GF All","total catch","n.at.z","BY_XE","multinomial","2012","female","all maturity states","all shell conditions",119.466826957,1,14.1084444624,14.1084444624
"","fisheries data","GF All","total catch","n.at.z","BY_XE","multinomial","2013","male","all maturity states","all shell conditions",230.040089289,1,1.38396747294,1.38396747294
"","fisheries data","GF All","total catch","n.at.z","BY_XE","multinomial","2013","female","all maturity states","all shell conditions",438.024187888,1,9.56573136152,9.56573136152
"","fisheries data","GF All","total catch","n.at.z","BY_XE","multinomial","2014","male","all maturity states","all shell conditions",944.462040286,1,8.30486468251,8.30486468251
"","fisheries data","GF All","total catch","n.at.z","BY_XE","multinomial","2014","female","all maturity states","all shell conditions",591.798544771,1,-4.81528208553,-4.81528208553
"","fisheries data","GF All","total catch","n.at.z","BY_XE","multinomial","2015","male","all maturity states","all shell conditions",188.843952313,1,11.0335231854,11.0335231854
"","fisheries data","GF All","total catch","n.at.z","BY_XE","multinomial","2015","female","all maturity states","all shell conditions",217.740712274,1,0.857868045882,0.857868045882
"","fisheries data","GF All","total catch","n.at.z","BY_XE","multinomial","2016","male","all maturity states","all shell conditions",137.178767018,1,-5.64921730841,-5.64921730841
"","fisheries data","GF All","total catch","n.at.z","BY_XE","multinomial","2016","female","all maturity states","all shell conditions",72.2157212062,1,20.2011135871,20.2011135871
"","fisheries data","GF All","total catch","n.at.z","BY_XE","multinomial","2017","male","all maturity states","all shell conditions",56.9718589139,1,24.512307666,24.512307666
"","fisheries data","GF All","total catch","n.at.z","BY_XE","multinomial","2017","female","all maturity states","all shell conditions",107.663402593,1,-6.42628166011,-6.42628166011
"","fisheries data","GF All","total catch","n.at.z","BY_XE","multinomial","2018","male","all maturity states","all shell conditions",151.716260943,1,7.53025440982,7.53025440982
"","fisheries data","GF All","total catch","n.at.z","BY_XE","multinomial","2018","female","all maturity states","all shell conditions",202.399408615,1,-1.87643484203,-1.87643484203
"","fisheries data","GF All","total catch","n.at.z","BY_XE","multinomial","2019","male","all maturity states","all shell conditions",164.76306185,1,-0.470250637295,-0.470250637295
"","fisheries data","GF All","total catch","n.at.z","BY_XE","multinomial","2019","female","all maturity states","all shell conditions",305.09859114,1,3.98465712797,3.98465712797
"","fisheries data","GF All","total catch","n.at.z","BY_XE","multinomial","2020","male","all maturity states","all shell conditions",51.9740965287,1,4.79189154677,4.79189154677
"","fisheries data","GF All","total catch","n.at.z","BY_XE","multinomial","2020","female","all maturity states","all shell conditions",297.940580945,1,3.82193164857,3.82193164857
"","fisheries data","GF All","total catch","n.at.z","BY_XE","multinomial","2021","male","all maturity states","all shell conditions",150.153314448,1,3.41912819309,3.41912819309
"","fisheries data","GF All","total catch","n.at.z","BY_XE","multinomial","2021","female","all maturity states","all shell conditions",128.432842419,1,1.90682984257,1.90682984257
"","fisheries data","GF All","total catch","n.at.z","BY_XE","multinomial","2022","male","all maturity states","all shell conditions",37.3344292217,1,11.9950013479,11.9950013479
"","fisheries data","GF All","total catch","n.at.z","BY_XE","multinomial","2022","female","all maturity states","all shell conditions",107.092639796,1,2.44556250206,2.44556250206
"","fisheries data","GF All","total catch","n.at.z","BY_XE","multinomial","2023","male","all maturity states","all shell conditions",8.91238740497,1,10.3076666976,10.3076666976
"","fisheries data","GF All","total catch","n.at.z","BY_XE","multinomial","2023","female","all maturity states","all shell conditions",80.8188440844,1,2.23981784728,2.23981784728
"","fisheries data","RKF","total catch","abundance","BY_TOTAL","lognormal","all","all sexes","all maturity states","all shell conditions",0.698774680818,0,-34.1226260785,0
"","fisheries data","RKF","total catch","biomass","BY_TOTAL","lognormal","all","all sexes","all maturity states","all shell conditions",0.23896646939,1,-36.8692029558,-36.8692029558
"","fisheries data","RKF","total catch","n.at.z","BY_XE","multinomial","1990","male","all maturity states","all shell conditions",54.0036611314,1,1.5888104822,1.5888104822
"","fisheries data","RKF","total catch","n.at.z","BY_XE","multinomial","1990","female","all maturity states","all shell conditions",398.056452461,1,-0.202898206039,-0.202898206039
"","fisheries data","RKF","total catch","n.at.z","BY_XE","multinomial","1991","male","all maturity states","all shell conditions",81.2615624781,1,1.83547591106,1.83547591106
"","fisheries data","RKF","total catch","n.at.z","BY_XE","multinomial","1991","female","all maturity states","all shell conditions",277.054151474,1,-0.41471275784,-0.41471275784
"","fisheries data","RKF","total catch","n.at.z","BY_XE","multinomial","1992","male","all maturity states","all shell conditions",80.9768448617,1,2.37602495413,2.37602495413
"","fisheries data","RKF","total catch","n.at.z","BY_XE","multinomial","1992","female","all maturity states","all shell conditions",190.396671331,1,-0.447976994397,-0.447976994397
"","fisheries data","RKF","total catch","n.at.z","BY_XE","multinomial","1993","male","all maturity states","all shell conditions",124.276306517,1,0.112987549737,0.112987549737
"","fisheries data","RKF","total catch","n.at.z","BY_XE","multinomial","1993","female","all maturity states","all shell conditions",259.398315082,1,2.54784358156,2.54784358156
"","fisheries data","RKF","total catch","n.at.z","BY_XE","multinomial","1997","male","all maturity states","all shell conditions",14.6130487471,1,3.32771196967,3.32771196967
"","fisheries data","RKF","total catch","n.at.z","BY_XE","multinomial","1997","female","all maturity states","all shell conditions",288.787024426,1,-0.139863866855,-0.139863866855
"","fisheries data","RKF","total catch","n.at.z","BY_XE","multinomial","1998","male","all maturity states","all shell conditions",37.4269673509,1,0.501411318064,0.501411318064
"","fisheries data","RKF","total catch","n.at.z","BY_XE","multinomial","1998","female","all maturity states","all shell conditions",1.79769313486e+308,1,0,0
"","fisheries data","RKF","total catch","n.at.z","BY_XE","multinomial","1999","male","all maturity states","all shell conditions",43.8706513749,1,0.159885041159,0.159885041159
"","fisheries data","RKF","total catch","n.at.z","BY_XE","multinomial","1999","female","all maturity states","all shell conditions",1.79769313486e+308,1,0,0
"","fisheries data","RKF","total catch","n.at.z","BY_XE","multinomial","2000","male","all maturity states","all shell conditions",78.0797232074,1,0.36911721109,0.36911721109
"","fisheries data","RKF","total catch","n.at.z","BY_XE","multinomial","2000","female","all maturity states","all shell conditions",1158.54683143,1,0.028766697257,0.028766697257
"","fisheries data","RKF","total catch","n.at.z","BY_XE","multinomial","2001","male","all maturity states","all shell conditions",210.266710532,1,0.0893258761471,0.0893258761471
"","fisheries data","RKF","total catch","n.at.z","BY_XE","multinomial","2001","female","all maturity states","all shell conditions",1.79769313486e+308,1,0,0
"","fisheries data","RKF","total catch","n.at.z","BY_XE","multinomial","2002","male","all maturity states","all shell conditions",181.46931919,1,0.045300511036,0.045300511036
"","fisheries data","RKF","total catch","n.at.z","BY_XE","multinomial","2002","female","all maturity states","all shell conditions",180.476569801,1,0.195876681107,0.195876681107
"","fisheries data","RKF","total catch","n.at.z","BY_XE","multinomial","2003","male","all maturity states","all shell conditions",82.2143924653,1,0.203383103012,0.203383103012
"","fisheries data","RKF","total catch","n.at.z","BY_XE","multinomial","2003","female","all maturity states","all shell conditions",143.981371509,1,0.228437162053,0.228437162053
"","fisheries data","RKF","total catch","n.at.z","BY_XE","multinomial","2004","male","all maturity states","all shell conditions",34.4611347626,1,0.386682250118,0.386682250118
"","fisheries data","RKF","total catch","n.at.z","BY_XE","multinomial","2004","female","all maturity states","all shell conditions",79.6804503858,1,0.225485272244,0.225485272244
"","fisheries data","RKF","total catch","n.at.z","BY_XE","multinomial","2005","male","all maturity states","all shell conditions",43.0917965259,1,0.576858716204,0.576858716204
"","fisheries data","RKF","total catch","n.at.z","BY_XE","multinomial","2005","female","all maturity states","all shell conditions",94.7893286772,1,0.436661251512,0.436661251512
"","fisheries data","RKF","total catch","n.at.z","BY_XE","multinomial","2006","male","all maturity states","all shell conditions",26.0524630385,1,0.827591612883,0.827591612883
"","fisheries data","RKF","total catch","n.at.z","BY_XE","multinomial","2006","female","all maturity states","all shell conditions",85.8770400676,1,0.469720537561,0.469720537561
"","fisheries data","RKF","total catch","n.at.z","BY_XE","multinomial","2007","male","all maturity states","all shell conditions",155.641812217,1,0.081571694809,0.081571694809
"","fisheries data","RKF","total catch","n.at.z","BY_XE","multinomial","2007","female","all maturity states","all shell conditions",220.189448224,1,0.367349196909,0.367349196909
"","fisheries data","RKF","total catch","n.at.z","BY_XE","multinomial","2008","male","all maturity states","all shell conditions",38.9180485788,1,3.71271907124,3.71271907124
"","fisheries data","RKF","total catch","n.at.z","BY_XE","multinomial","2008","female","all maturity states","all shell conditions",2186.07064983,1,0.0137588908077,0.0137588908077
"","fisheries data","RKF","total catch","n.at.z","BY_XE","multinomial","2009","male","all maturity states","all shell conditions",22.5644488527,1,5.94820147185,5.94820147185
"","fisheries data","RKF","total catch","n.at.z","BY_XE","multinomial","2009","female","all maturity states","all shell conditions",1882.6428415,1,-0.090178732655,-0.090178732655
"","fisheries data","RKF","total catch","n.at.z","BY_XE","multinomial","2010","male","all maturity states","all shell conditions",74.889233036,1,0.409510668974,0.409510668974
"","fisheries data","RKF","total catch","n.at.z","BY_XE","multinomial","2010","female","all maturity states","all shell conditions",1.79769313486e+308,1,0,0
"","fisheries data","RKF","total catch","n.at.z","BY_XE","multinomial","2011","male","all maturity states","all shell conditions",142.323861883,1,0.0955104189491,0.0955104189491
"","fisheries data","RKF","total catch","n.at.z","BY_XE","multinomial","2011","female","all maturity states","all shell conditions",1.79769313486e+308,1,0,0
"","fisheries data","RKF","total catch","n.at.z","BY_XE","multinomial","2012","male","all maturity states","all shell conditions",172.342434243,1,-0.00448527871386,-0.00448527871386
"","fisheries data","RKF","total catch","n.at.z","BY_XE","multinomial","2012","female","all maturity states","all shell conditions",36.4043152177,1,0.396476137787,0.396476137787
"","fisheries data","RKF","total catch","n.at.z","BY_XE","multinomial","2013","male","all maturity states","all shell conditions",34.0515358949,1,1.77137972174,1.77137972174
"","fisheries data","RKF","total catch","n.at.z","BY_XE","multinomial","2013","female","all maturity states","all shell conditions",342.268219596,1,0.0603995810203,0.0603995810203
"","fisheries data","RKF","total catch","n.at.z","BY_XE","multinomial","2014","male","all maturity states","all shell conditions",57.1342326885,1,1.81504218253,1.81504218253
"","fisheries data","RKF","total catch","n.at.z","BY_XE","multinomial","2014","female","all maturity states","all shell conditions",457.445430379,1,-0.0509611855285,-0.0509611855285
"","fisheries data","RKF","total catch","n.at.z","BY_XE","multinomial","2015","male","all maturity states","all shell conditions",397.630365657,1,-0.472918695723,-0.472918695723
"","fisheries data","RKF","total catch","n.at.z","BY_XE","multinomial","2015","female","all maturity states","all shell conditions",97.8838965467,1,1.02161885885,1.02161885885
"","fisheries data","RKF","total catch","n.at.z","BY_XE","multinomial","2016","male","all maturity states","all shell conditions",22.0829302848,1,3.26648932314,3.26648932314
"","fisheries data","RKF","total catch","n.at.z","BY_XE","multinomial","2016","female","all maturity states","all shell conditions",101.254605286,1,1.46937862522,1.46937862522
"","fisheries data","RKF","total catch","n.at.z","BY_XE","multinomial","2017","male","all maturity states","all shell conditions",102.960514884,1,1.72094938297,1.72094938297
"","fisheries data","RKF","total catch","n.at.z","BY_XE","multinomial","2017","female","all maturity states","all shell conditions",1071.63269563,1,-0.169401591289,-0.169401591289
"","fisheries data","RKF","total catch","n.at.z","BY_XE","multinomial","2018","male","all maturity states","all shell conditions",64.3996576331,1,0.862040058005,0.862040058005
"","fisheries data","RKF","total catch","n.at.z","BY_XE","multinomial","2018","female","all maturity states","all shell conditions",232.655022166,1,-0.0340676733533,-0.0340676733533
"","fisheries data","RKF","total catch","n.at.z","BY_XE","multinomial","2019","male","all maturity states","all shell conditions",90.0602471949,1,0.125834106979,0.125834106979
"","fisheries data","RKF","total catch","n.at.z","BY_XE","multinomial","2019","female","all maturity states","all shell conditions",1.79769313486e+308,1,0,0
"","fisheries data","RKF","total catch","n.at.z","BY_XE","multinomial","2020","male","all maturity states","all shell conditions",0,1,0,0
"","fisheries data","RKF","total catch","n.at.z","BY_XE","multinomial","2020","female","all maturity states","all shell conditions",0,1,0,0
"","fisheries data","RKF","total catch","n.at.z","BY_XE","multinomial","2023","male","all maturity states","all shell conditions",34.4855942061,1,0.197750346141,0.197750346141
"","fisheries data","RKF","total catch","n.at.z","BY_XE","multinomial","2023","female","all maturity states","all shell conditions",1.79769313486e+308,1,0,0
"","growth data","","","EBS_molt_increment_data","","gamma","2000","male","immature","new shell",0.934777898432,1,286.83922217913,286.83922217913
"","growth data","","","EBS_molt_increment_data","","gamma","2000","female","immature","new shell",0.489947894811,1,253.12659692527,253.12659692527
"","maturity ogive data","NMFS_M","","EBS_mature_male_ratios","","binomial","2006","male","","new shell",2.26082383443,1,3.078966379544,3.078966379544
"","maturity ogive data","NMFS_M","","EBS_mature_male_ratios","","binomial","2007","male","","new shell",2.26082383443,1,25.4737174903603,25.4737174903603
"","maturity ogive data","NMFS_M","","EBS_mature_male_ratios","","binomial","2008","male","","new shell",2.26082383443,1,13.76501226559,13.76501226559
"","maturity ogive data","NMFS_M","","EBS_mature_male_ratios","","binomial","2009","male","","new shell",2.26082383443,1,8.52301887681618,8.52301887681618
"","maturity ogive data","NMFS_M","","EBS_mature_male_ratios","","binomial","2010","male","","new shell",2.26082383443,1,29.911756115982,29.911756115982
"","maturity ogive data","NMFS_M","","EBS_mature_male_ratios","","binomial","2011","male","","new shell",2.26082383443,1,2.2985921029689,2.2985921029689
"","maturity ogive data","NMFS_M","","EBS_mature_male_ratios","","binomial","2012","male","","new shell",2.26082383443,1,22.1642664093687,22.1642664093687
"","maturity ogive data","NMFS_M","","EBS_mature_male_ratios","","binomial","2014","male","","new shell",2.26082383443,1,4.8844901757263,4.8844901757263
"","maturity ogive data","NMFS_M","","EBS_mature_male_ratios","","binomial","2016","male","","new shell",2.26082383443,1,15.059765912622,15.059765912622
"","maturity ogive data","NMFS_M","","EBS_mature_male_ratios","","binomial","2017","male","","new shell",2.26082383443,1,12.5765027922704,12.5765027922704
"","maturity ogive data","NMFS_M","","EBS_mature_male_ratios","","binomial","2018","male","","new shell",2.26082383443,1,36.341088386526,36.341088386526
"","maturity ogive data","NMFS_M","","EBS_mature_male_ratios","","binomial","2019","male","","new shell",2.26082383443,1,22.908616280463,22.908616280463
"","maturity ogive data","NMFS_M","","EBS_mature_male_ratios","","binomial","2021","male","","new shell",2.26082383443,1,6.1339303633452,6.1339303633452
"","maturity ogive data","NMFS_M","","EBS_mature_male_ratios","","binomial","2022","male","","new shell",2.26082383443,1,8.986277784169,8.986277784169
"","maturity ogive data","NMFS_M","","EBS_mature_male_ratios","","binomial","2023","male","","new shell",2.26082383443,1,54.8390813889673,54.8390813889673
"","maturity ogive data","NMFS_M","","EBS_mature_male_ratios","","binomial","2024","male","","new shell",2.26082383443,1,58.9083782527008,58.9083782527008
"","effort data","SCF","fishery","1","","lognormal","all","male","immature","new shell",0.0997513451196,0,2043.23552662,0
"","effort data","SCF","fishery","1","","lognormal","all","male","mature","new shell",0.0997513451196,0,2043.23552662,0
"","effort data","SCF","fishery","1","","lognormal","all","male","immature","old shell",0.0997513451196,0,2043.23552662,0
"","effort data","SCF","fishery","1","","lognormal","all","male","mature","old shell",0.0997513451196,0,2043.23552662,0
"","effort data","SCF","fishery","2","","lognormal","all","female","immature","new shell",0.0997513451196,0,2043.23552662,0
"","effort data","SCF","fishery","2","","lognormal","all","female","mature","new shell",0.0997513451196,0,2043.23552662,0
"","effort data","SCF","fishery","2","","lognormal","all","female","immature","old shell",0.0997513451196,0,2043.23552662,0
"","effort data","SCF","fishery","2","","lognormal","all","female","mature","old shell",0.0997513451196,0,2043.23552662,0
"","effort data","RKF","fishery","3","","lognormal","all","male","immature","new shell",0.0997513451196,0,1810.4643219,0
"","effort data","RKF","fishery","3","","lognormal","all","male","mature","new shell",0.0997513451196,0,1810.4643219,0
"","effort data","RKF","fishery","3","","lognormal","all","male","immature","old shell",0.0997513451196,0,1810.4643219,0
"","effort data","RKF","fishery","3","","lognormal","all","male","mature","old shell",0.0997513451196,0,1810.4643219,0
"","effort data","RKF","fishery","4","","lognormal","all","female","immature","new shell",0.0997513451196,0,1810.4643219,0
"","effort data","RKF","fishery","4","","lognormal","all","female","mature","new shell",0.0997513451196,0,1810.4643219,0
"","effort data","RKF","fishery","4","","lognormal","all","female","immature","old shell",0.0997513451196,0,1810.4643219,0
"","effort data","RKF","fishery","4","","lognormal","all","female","mature","old shell",0.0997513451196,0,1810.4643219,0
